Monthly_Uncertainity,Monthly_Temperature,Date
5.003,8.952,1750-01-01
4.1610000000000005,7.238,1750-02-01
2.682,8.382,1750-03-01
1.966,9.352,1750-04-01
2.9530000000000003,7.931,1750-05-01
3.5039999999999996,8.251000000000001,1750-06-01
2.6919999999999997,9.119,1750-07-01
3.344,10.065000000000001,1750-08-01
2.924,8.456,1750-09-01
2.0980000000000003,7.106,1750-10-01
1.94,4.644,1750-11-01
6.547000000000001,6.173,1750-12-01
4.013999999999999,8.018,1751-01-01
6.178,5.8950000000000005,1751-02-01
2.378,9.110000000000001,1751-03-01
3.8569999999999998,8.56,1751-04-01
3.6719999999999997,8.027000000000001,1751-05-01
3.443,7.545,1751-06-01
2.249,10.111,1751-07-01
2.2769999999999997,9.326,1751-08-01
2.43,8.275,1751-09-01
1.9180000000000001,8.713000000000001,1751-10-01
1.851,7.013000000000001,1751-11-01
3.323,6.6305000000000005,1751-12-01
4.795,6.248000000000001,1752-01-01
3.8489999999999998,11.067,1752-02-01
2.638,9.217,1752-03-01
2.363,8.238,1752-04-01
2.266,9.542,1752-05-01
2.396,8.982000000000001,1752-06-01
1.8840000000000001,9.698,1752-07-01
1.306,8.523,1752-08-01
1.652,9.533000000000001,1752-09-01
1.744,7.873,1752-10-01
2.8569999999999998,9.426,1752-11-01
4.692,8.843,1752-12-01
3.404,8.854000000000001,1753-01-01
5.072,7.495,1753-02-01
2.628,9.693,1753-03-01
2.705,8.799,1753-04-01
3.37,9.752,1753-05-01
3.138,8.797,1753-06-01
2.722,8.521,1753-07-01
1.651,8.733,1753-08-01
2.678,9.521,1753-09-01
1.686,8.728,1753-10-01
2.608,8.382,1753-11-01
3.487,5.997,1753-12-01
4.025,9.052,1754-01-01
5.78,5.913,1754-02-01
2.799,7.801,1754-03-01
2.0269999999999997,13.067,1754-04-01
2.252,9.975,1754-05-01
3.5180000000000002,9.202,1754-06-01
2.013,8.973,1754-07-01
1.537,8.156,1754-08-01
1.956,8.044,1754-09-01
2.387,9.439,1754-10-01
2.563,9.349,1754-11-01
3.536,9.831,1754-12-01
5.069,8.706,1755-01-01
4.617,6.659000000000001,1755-02-01
3.37,7.293,1755-03-01
3.3760000000000003,9.945,1755-04-01
3.485,10.102,1755-05-01
5.274,9.658000000000001,1755-06-01
2.324,9.209,1755-07-01
2.121,8.006,1755-08-01
2.327,8.349,1755-09-01
3.0589999999999997,11.179,1755-10-01
4.098,8.466000000000001,1755-11-01
2.697,7.563000000000001,1755-12-01
3.597,10.332,1756-01-01
3.543,11.63,1756-02-01
4.606,7.9990000000000006,1756-03-01
2.77,10.527000000000001,1756-04-01
3.6689999999999996,10.425,1756-05-01
3.552,9.114,1756-06-01
2.02,7.9,1756-07-01
1.778,8.280000000000001,1756-08-01
2.505,8.866,1756-09-01
1.962,7.868,1756-10-01
3.2969999999999997,7.345000000000001,1756-11-01
3.218,6.808000000000001,1756-12-01
3.806,6.925000000000001,1757-01-01
3.803,10.054,1757-02-01
3.2230000000000003,8.173,1757-03-01
4.2219999999999995,9.599,1757-04-01
4.582,10.311,1757-05-01
4.328,11.412,1757-06-01
4.377,11.243,1757-07-01
2.807,11.982,1757-08-01
2.2640000000000002,11.371,1757-09-01
3.177,6.0200000000000005,1757-10-01
2.609,7.29,1757-11-01
4.166,6.798,1757-12-01
6.7170000000000005,5.019,1758-01-01
3.8930000000000002,6.061,1758-02-01
3.633,7.315,1758-03-01
3.1689999999999996,8.105,1758-04-01
1.996,6.666,1758-05-01
2.667,7.82,1758-06-01
2.6839999999999997,7.680000000000001,1758-07-01
1.425,6.380000000000001,1758-08-01
2.185,7.063000000000001,1758-09-01
3.222,2.1630000000000003,1758-10-01
3.017,8.574,1758-11-01
2.611,8.135,1758-12-01
3.261,11.014,1759-01-01
5.015,10.114,1759-02-01
2.31,8.213000000000001,1759-03-01
2.593,7.324000000000001,1759-04-01
2.009,7.33,1759-05-01
1.5290000000000001,8.537,1759-06-01
1.784,6.687,1759-07-01
3.446,9.389000000000001,1759-08-01
2.56,8.944,1759-09-01
2.574,7.409000000000001,1759-10-01
2.375,6.707000000000001,1759-11-01
2.338,4.8100000000000005,1759-12-01
3.318,5.206,1760-01-01
3.466,8.482000000000001,1760-02-01
3.778,5.457000000000001,1760-03-01
2.7430000000000003,7.6690000000000005,1760-04-01
1.996,8.11,1760-05-01
2.142,7.103000000000001,1760-06-01
2.513,6.052,1760-07-01
1.8659999999999999,8.095,1760-08-01
1.889,7.515000000000001,1760-09-01
2.3890000000000002,6.6240000000000006,1760-10-01
2.85,8.322000000000001,1760-11-01
4.615,6.791,1760-12-01
3.764,7.016,1761-01-01
3.7489999999999997,7.585000000000001,1761-02-01
2.309,9.302,1761-03-01
1.298,8.385,1761-04-01
1.524,10.838000000000001,1761-05-01
2.972,11.706,1761-06-01
2.287,12.892,1761-07-01
1.396,10.152000000000001,1761-08-01
3.325,9.415000000000001,1761-09-01
3.025,6.343,1761-10-01
3.358,8.291,1761-11-01
4.052,3.9110000000000005,1761-12-01
3.592,12.364,1762-01-01
5.352,9.811,1762-02-01
3.502,7.127000000000001,1762-03-01
2.053,9.34,1762-04-01
3.8110000000000004,8.285,1762-05-01
2.8480000000000003,7.839,1762-06-01
2.7889999999999997,7.831,1762-07-01
2.384,9.193,1762-08-01
3.3510000000000004,7.5520000000000005,1762-09-01
2.907,6.28,1762-10-01
1.97,9.389000000000001,1762-11-01
3.372,8.265,1762-12-01
5.657,7.375,1763-01-01
3.404,6.2540000000000004,1763-02-01
3.9130000000000003,5.0120000000000005,1763-03-01
2.079,7.982,1763-04-01
2.603,7.9350000000000005,1763-05-01
3.0269999999999997,7.182,1763-06-01
2.55,10.062000000000001,1763-07-01
4.0,9.065,1763-08-01
1.635,8.491,1763-09-01
5.029,6.469,1763-10-01
2.283,7.174,1763-11-01
2.114,7.95,1763-12-01
2.5810000000000004,7.283,1764-01-01
3.0269999999999997,11.183,1764-02-01
2.166,8.493,1764-03-01
2.2159999999999997,8.232000000000001,1764-04-01
4.43,7.614000000000001,1764-05-01
2.7569999999999997,6.271000000000001,1764-06-01
3.617,7.032,1764-07-01
1.474,7.428000000000001,1764-08-01
2.461,7.463,1764-09-01
1.6740000000000002,9.624,1764-10-01
2.265,8.031,1764-11-01
2.679,10.01,1764-12-01
5.5360000000000005,9.716000000000001,1765-01-01
3.2039999999999997,9.08,1765-02-01
2.9189999999999996,10.231,1765-03-01
1.57,9.547,1765-04-01
1.979,8.281,1765-05-01
3.7889999999999997,6.265000000000001,1765-06-01
3.3789999999999996,8.612,1765-07-01
1.446,8.365,1765-08-01
1.518,7.8790000000000004,1765-09-01
1.745,7.7490000000000006,1765-10-01
3.054,8.184000000000001,1765-11-01
2.639,7.556,1765-12-01
6.013,5.455,1766-01-01
3.543,10.455,1766-02-01
2.237,9.525,1766-03-01
2.3569999999999998,8.811,1766-04-01
1.465,9.036,1766-05-01
3.4610000000000003,9.161,1766-06-01
2.401,8.132,1766-07-01
2.261,8.974,1766-08-01
2.13,9.333,1766-09-01
1.9609999999999999,8.211,1766-10-01
2.698,9.769,1766-11-01
2.287,7.471,1766-12-01
4.904,5.398000000000001,1767-01-01
5.68,9.403,1767-02-01
5.1160000000000005,10.542,1767-03-01
3.596,6.976,1767-04-01
1.619,8.051,1767-05-01
3.1210000000000004,9.793000000000001,1767-06-01
1.952,8.205,1767-07-01
1.368,10.14,1767-08-01
2.064,8.780000000000001,1767-09-01
1.97,8.711,1767-10-01
5.1579999999999995,10.611,1767-11-01
2.285,6.067,1767-12-01
3.123,3.891000000000001,1768-01-01
5.3260000000000005,5.728000000000001,1768-02-01
2.226,5.92,1768-03-01
1.636,7.682,1768-04-01
1.8259999999999998,7.12,1768-05-01
2.504,8.417,1768-06-01
2.718,9.051,1768-07-01
2.346,7.845000000000001,1768-08-01
1.844,7.857,1768-09-01
2.472,7.602,1768-10-01
1.8619999999999999,7.554,1768-11-01
2.6910000000000003,8.015,1768-12-01
3.8160000000000003,8.692,1769-01-01
3.253,7.859,1769-02-01
3.656,8.196,1769-03-01
3.333,9.719000000000001,1769-04-01
3.3680000000000003,10.55,1769-05-01
2.108,10.485,1769-06-01
2.713,8.919,1769-07-01
2.589,8.649000000000001,1769-08-01
1.85,8.352,1769-09-01
2.1319999999999997,4.961,1769-10-01
2.253,5.334,1769-11-01
3.511,3.6370000000000005,1769-12-01
4.269,8.124,1770-01-01
3.4730000000000003,9.571,1770-02-01
2.055,5.016,1770-03-01
4.069,10.026,1770-04-01
1.569,7.977,1770-05-01
2.923,7.205,1770-06-01
2.9989999999999997,6.337,1770-07-01
3.05,6.838000000000001,1770-08-01
2.039,7.824000000000001,1770-09-01
1.486,8.561,1770-10-01
2.812,8.276,1770-11-01
2.885,9.704,1770-12-01
4.5680000000000005,11.096,1771-01-01
3.176,5.283,1771-02-01
2.5669999999999997,6.192,1771-03-01
2.685,6.329000000000001,1771-04-01
3.385,7.739000000000001,1771-05-01
1.8730000000000002,9.665000000000001,1771-06-01
2.103,8.745000000000001,1771-07-01
1.6840000000000002,9.251000000000001,1771-08-01
1.5730000000000002,8.313,1771-09-01
1.6909999999999998,10.1,1771-10-01
2.32,7.274000000000001,1771-11-01
3.386,7.4910000000000005,1771-12-01
4.906000000000001,7.684,1772-01-01
5.26,7.365,1772-02-01
3.327,6.543000000000001,1772-03-01
2.5810000000000004,9.456,1772-04-01
2.021,7.34,1772-05-01
1.8359999999999999,8.283,1772-06-01
2.145,9.091000000000001,1772-07-01
2.346,9.469000000000001,1772-08-01
2.6460000000000004,7.416,1772-09-01
1.74,8.962,1772-10-01
2.991,10.35,1772-11-01
2.804,10.653,1772-12-01
2.904,6.191000000000001,1773-01-01
2.937,7.182,1773-02-01
2.193,8.202,1773-03-01
2.09,10.227,1773-04-01
1.6230000000000002,10.884,1773-05-01
1.651,8.722,1773-06-01
1.318,9.525,1773-07-01
1.615,9.104000000000001,1773-08-01
1.45,9.612,1773-09-01
1.9140000000000001,8.914,1773-10-01
5.526,6.095000000000001,1773-11-01
2.448,10.352,1773-12-01
4.632,5.705,1774-01-01
5.843,10.57,1774-02-01
3.128,9.443,1774-03-01
2.444,10.927,1774-04-01
1.972,14.746,1774-05-01
4.633,11.054,1774-06-01
5.862,11.161000000000001,1774-07-01
1.742,9.351,1774-08-01
1.9280000000000002,7.930000000000001,1774-09-01
2.7739999999999996,8.417,1774-10-01
4.067,6.107,1774-11-01
3.44,5.503,1774-12-01
3.8360000000000003,10.431000000000001,1775-01-01
3.3480000000000003,11.82,1775-02-01
2.29,11.056000000000001,1775-03-01
1.7409999999999999,8.202,1775-04-01
2.124,8.757,1775-05-01
2.748,7.714,1775-06-01
1.8659999999999999,9.132,1775-07-01
1.756,9.61,1775-08-01
2.388,8.111,1775-09-01
1.999,10.178,1775-10-01
4.302,11.282,1775-11-01
2.5269999999999997,6.736000000000001,1775-12-01
4.7669999999999995,5.835000000000001,1776-01-01
3.7710000000000004,10.132,1776-02-01
2.8539999999999996,7.915,1776-03-01
1.892,7.854,1776-04-01
2.5,7.880000000000001,1776-05-01
2.114,9.861,1776-06-01
1.713,8.595,1776-07-01
2.84,9.97,1776-08-01
2.372,7.462000000000001,1776-09-01
2.198,7.665,1776-10-01
2.279,8.814,1776-11-01
3.136,10.432,1776-12-01
4.763999999999999,12.33,1777-01-01
5.55,10.413,1777-02-01
2.7119999999999997,8.951,1777-03-01
1.7590000000000001,6.8740000000000006,1777-04-01
2.71,8.946,1777-05-01
2.174,7.84,1777-06-01
1.4069999999999998,7.154,1777-07-01
1.768,8.064,1777-08-01
2.9539999999999997,8.437000000000001,1777-09-01
3.4610000000000003,6.8180000000000005,1777-10-01
2.316,8.429,1777-11-01
3.45,8.870000000000001,1777-12-01
3.852,9.421,1778-01-01
4.186,11.498000000000001,1778-02-01
4.523,7.98,1778-03-01
2.608,11.493,1778-04-01
2.319,8.870000000000001,1778-05-01
3.678,7.16,1778-06-01
1.8659999999999999,9.935,1778-07-01
2.3569999999999998,8.129,1778-08-01
2.28,10.263,1778-09-01
3.325,7.74,1778-10-01
3.202,6.78,1778-11-01
2.753,7.333,1778-12-01
3.162,7.266,1779-01-01
5.23,10.547,1779-02-01
2.784,10.329,1779-03-01
2.8569999999999998,10.529,1779-04-01
2.588,11.742,1779-05-01
2.366,7.817,1779-06-01
2.0340000000000003,8.095,1779-07-01
1.882,8.949,1779-08-01
2.383,9.645,1779-09-01
1.3359999999999999,9.382,1779-10-01
2.291,9.003,1779-11-01
3.259,8.213000000000001,1779-12-01
3.2739999999999996,8.672,1780-01-01
3.858,9.584,1780-02-01
2.219,8.993,1780-03-01
1.722,13.998000000000001,1780-04-01
2.742,12.384,1780-05-01
4.765,9.522,1780-06-01
3.917,10.266,1780-07-01
4.2,8.088000000000001,1780-08-01
2.207,6.341,1780-09-01
1.558,9.269,1780-10-01
2.32,8.909,1780-11-01
2.926,7.495,1780-12-01
3.6430000000000002,8.741,1781-01-01
4.736000000000001,7.665,1781-02-01
2.113,8.321,1781-03-01
1.4709999999999999,7.405,1781-04-01
2.41,8.597,1781-05-01
1.4269999999999998,7.027,1781-06-01
1.57,8.657,1781-07-01
1.178,9.198,1781-08-01
2.3569999999999998,7.074000000000001,1781-09-01
1.348,8.262,1781-10-01
2.51,10.36,1781-11-01
3.639,8.615,1781-12-01
2.6919999999999997,6.837,1782-01-01
3.3560000000000003,6.474,1782-02-01
3.637,6.456,1782-03-01
1.766,8.969000000000001,1782-04-01
1.433,8.868,1782-05-01
1.371,9.040000000000001,1782-06-01
1.406,8.251000000000001,1782-07-01
1.105,10.078000000000001,1782-08-01
1.511,9.077,1782-09-01
2.884,8.09,1782-10-01
2.702,7.309,1782-11-01
3.301,7.226,1782-12-01
2.858,5.4430000000000005,1783-01-01
3.1519999999999997,10.196,1783-02-01
2.11,7.8740000000000006,1783-03-01
1.749,8.772,1783-04-01
3.3,9.564,1783-05-01
2.491,10.154,1783-06-01
1.2690000000000001,7.836,1783-07-01
1.182,8.593,1783-08-01
2.44,6.348000000000001,1783-09-01
2.1790000000000003,7.197,1783-10-01
1.976,5.352,1783-11-01
2.449,8.024000000000001,1783-12-01
4.019,8.809000000000001,1784-01-01
3.912,6.885000000000001,1784-02-01
2.4459999999999997,7.595000000000001,1784-03-01
3.514,8.473,1784-04-01
2.333,7.139,1784-05-01
1.393,8.329,1784-06-01
2.8339999999999996,8.867,1784-07-01
3.99,9.809000000000001,1784-08-01
2.468,6.715,1784-09-01
1.653,6.589,1784-10-01
2.227,6.9270000000000005,1784-11-01
3.964,8.68,1784-12-01
2.516,7.522,1785-01-01
2.463,6.7620000000000005,1785-02-01
4.315,5.879,1785-03-01
1.557,6.923,1785-04-01
2.065,7.367,1785-05-01
2.008,9.118,1785-06-01
1.6130000000000002,8.748000000000001,1785-07-01
1.751,9.278,1785-08-01
1.705,7.202,1785-09-01
1.879,7.625,1785-10-01
2.549,8.307,1785-11-01
1.7180000000000002,6.9110000000000005,1785-12-01
2.813,7.025,1786-01-01
2.33,8.041,1786-02-01
2.48,9.183,1786-03-01
2.612,9.601,1786-04-01
1.893,9.048,1786-05-01
0.995,8.652000000000001,1786-06-01
1.436,9.596,1786-07-01
2.499,9.268,1786-08-01
2.447,8.803,1786-09-01
1.841,8.044,1786-10-01
4.044,7.654,1786-11-01
3.1919999999999997,6.232,1786-12-01
3.0039999999999996,8.654,1787-01-01
2.371,8.074,1787-02-01
1.709,8.225,1787-03-01
1.995,8.126000000000001,1787-04-01
3.415,8.834,1787-05-01
2.714,9.662,1787-06-01
2.677,7.755000000000001,1787-07-01
1.57,8.266,1787-08-01
1.77,6.981,1787-09-01
2.404,7.577,1787-10-01
2.7119999999999997,7.993,1787-11-01
2.2230000000000003,7.954000000000001,1787-12-01
2.9539999999999997,6.495000000000001,1788-01-01
4.143,9.272,1788-02-01
2.873,8.158,1788-03-01
2.161,8.791,1788-04-01
1.24,8.183,1788-05-01
1.4,9.155000000000001,1788-06-01
2.699,10.862,1788-07-01
1.975,9.206,1788-08-01
1.29,8.55,1788-09-01
1.358,9.046000000000001,1788-10-01
1.435,9.199,1788-11-01
2.238,6.436,1788-12-01
2.907,9.819,1789-01-01
2.647,7.739000000000001,1789-02-01
1.72,7.819000000000001,1789-03-01
1.449,8.169,1789-04-01
2.149,8.863,1789-05-01
1.294,8.652000000000001,1789-06-01
1.5919999999999999,9.637,1789-07-01
1.129,8.528,1789-08-01
1.33,8.671000000000001,1789-09-01
2.01,7.510000000000001,1789-10-01
1.777,9.319,1789-11-01
1.636,8.88,1789-12-01
2.124,8.951,1790-01-01
2.07,8.723,1790-02-01
1.579,8.118,1790-03-01
1.746,7.357,1790-04-01
0.9129999999999999,7.979,1790-05-01
1.0270000000000001,8.77,1790-06-01
1.097,8.052,1790-07-01
1.1059999999999999,8.589,1790-08-01
1.1340000000000001,7.944000000000001,1790-09-01
1.27,8.262,1790-10-01
1.608,8.168000000000001,1790-11-01
3.64,8.14,1790-12-01
5.102,8.35,1791-01-01
1.7919999999999998,8.784,1791-02-01
2.363,8.280000000000001,1791-03-01
1.492,9.537,1791-04-01
1.871,7.686,1791-05-01
1.4980000000000002,8.657,1791-06-01
1.444,8.127,1791-07-01
1.439,8.71,1791-08-01
1.5330000000000001,8.385,1791-09-01
1.347,7.737,1791-10-01
2.157,8.942,1791-11-01
1.6840000000000002,8.741,1791-12-01
2.713,6.808000000000001,1792-01-01
2.405,9.344000000000001,1792-02-01
2.108,8.11,1792-03-01
1.736,8.654,1792-04-01
1.544,9.121,1792-05-01
1.531,9.349,1792-06-01
1.45,9.331,1792-07-01
1.082,7.705,1792-08-01
1.6219999999999999,9.249,1792-09-01
1.6480000000000001,7.6160000000000005,1792-10-01
2.492,8.143,1792-11-01
2.127,8.992,1792-12-01
2.659,7.799,1793-01-01
3.222,10.448,1793-02-01
2.181,9.155000000000001,1793-03-01
1.8880000000000001,9.617,1793-04-01
1.055,8.799,1793-05-01
1.376,8.985000000000001,1793-06-01
1.9080000000000001,9.151,1793-07-01
1.8769999999999998,8.465,1793-08-01
2.371,8.414,1793-09-01
1.999,8.074,1793-10-01
3.3,8.469000000000001,1793-11-01
1.859,7.632000000000001,1793-12-01
2.832,10.165000000000001,1794-01-01
3.747,9.071,1794-02-01
2.031,9.975,1794-03-01
1.6680000000000001,9.558,1794-04-01
1.66,10.159,1794-05-01
1.807,7.891,1794-06-01
2.339,7.757000000000001,1794-07-01
2.1719999999999997,8.77,1794-08-01
2.004,9.401,1794-09-01
1.2770000000000001,8.846,1794-10-01
2.1919999999999997,8.882,1794-11-01
2.119,8.821,1794-12-01
2.358,9.628,1795-01-01
3.7969999999999997,10.509,1795-02-01
2.324,9.795,1795-03-01
1.6,10.168000000000001,1795-04-01
2.026,9.785,1795-05-01
2.5469999999999997,8.303,1795-06-01
1.818,9.648,1795-07-01
1.956,9.208,1795-08-01
1.8130000000000002,7.394,1795-09-01
1.686,7.839,1795-10-01
2.424,8.71,1795-11-01
2.313,9.375,1795-12-01
2.465,9.953000000000001,1796-01-01
2.3930000000000002,9.31,1796-02-01
2.299,6.934,1796-03-01
1.6469999999999998,8.309000000000001,1796-04-01
1.5130000000000001,8.916,1796-05-01
1.87,10.012,1796-06-01
1.8880000000000001,8.97,1796-07-01
1.867,9.764000000000001,1796-08-01
1.5919999999999999,8.775,1796-09-01
1.646,8.558,1796-10-01
1.5930000000000002,8.422,1796-11-01
2.846,6.909000000000001,1796-12-01
3.9810000000000003,10.896,1797-01-01
2.707,11.308,1797-02-01
2.628,8.173,1797-03-01
2.441,7.5920000000000005,1797-04-01
2.046,8.407,1797-05-01
1.255,9.437000000000001,1797-06-01
1.3230000000000002,8.574,1797-07-01
0.8759999999999999,9.225,1797-08-01
1.287,9.055,1797-09-01
1.743,8.764000000000001,1797-10-01
1.665,7.9430000000000005,1797-11-01
1.8330000000000002,8.771,1797-12-01
1.8940000000000001,8.955,1798-01-01
2.182,9.183,1798-02-01
2.5780000000000003,10.672,1798-03-01
1.37,8.216000000000001,1798-04-01
1.94,8.897,1798-05-01
0.9229999999999999,8.686,1798-06-01
1.208,9.237,1798-07-01
1.328,9.691,1798-08-01
1.396,8.089,1798-09-01
1.788,8.241,1798-10-01
2.169,8.611,1798-11-01
1.706,7.19,1798-12-01
1.9580000000000002,8.281,1799-01-01
2.271,7.482,1799-02-01
1.564,6.82,1799-03-01
1.524,9.012,1799-04-01
0.9329999999999999,8.663,1799-05-01
1.784,8.602,1799-06-01
1.39,8.667,1799-07-01
1.036,8.49,1799-08-01
1.254,8.667,1799-09-01
1.022,8.85,1799-10-01
1.9140000000000001,8.661,1799-11-01
2.7089999999999996,7.848000000000001,1799-12-01
2.154,8.52,1800-01-01
2.128,8.387,1800-02-01
1.732,8.194,1800-03-01
1.3940000000000001,9.217,1800-04-01
1.386,8.384,1800-05-01
1.4769999999999999,8.685,1800-06-01
1.0170000000000001,8.021,1800-07-01
1.005,8.508000000000001,1800-08-01
1.389,7.759,1800-09-01
1.2690000000000001,8.88,1800-10-01
2.076,8.341000000000001,1800-11-01
1.6280000000000001,8.529,1800-12-01
1.921,9.237,1801-01-01
2.228,9.475,1801-02-01
1.632,9.905000000000001,1801-03-01
1.112,7.586,1801-04-01
1.51,9.118,1801-05-01
1.189,8.033000000000001,1801-06-01
1.328,8.602,1801-07-01
0.983,7.78,1801-08-01
1.272,8.363,1801-09-01
2.168,9.620000000000001,1801-10-01
1.26,8.122,1801-11-01
1.6980000000000002,9.355,1801-12-01
1.9609999999999999,10.005,1802-01-01
2.095,9.278,1802-02-01
2.3409999999999997,9.028,1802-03-01
2.99,8.692,1802-04-01
1.122,7.869000000000001,1802-05-01
1.262,8.794,1802-06-01
1.287,8.445,1802-07-01
0.882,8.298,1802-08-01
1.493,8.711,1802-09-01
1.252,8.768,1802-10-01
1.351,7.751,1802-11-01
1.767,8.066,1802-12-01
1.8090000000000002,7.0680000000000005,1803-01-01
2.254,7.399000000000001,1803-02-01
2.8539999999999996,8.572000000000001,1803-03-01
1.389,9.546,1803-04-01
1.105,8.732000000000001,1803-05-01
0.754,8.884,1803-06-01
0.7879999999999999,8.941,1803-07-01
0.804,9.554,1803-08-01
0.7709999999999999,8.926,1803-09-01
3.341,9.348,1803-10-01
1.6230000000000002,8.395,1803-11-01
1.791,7.753,1803-12-01
3.182,8.551,1804-01-01
2.536,7.466,1804-02-01
1.964,7.707000000000001,1804-03-01
2.0980000000000003,9.926,1804-04-01
1.216,9.452,1804-05-01
1.327,8.836,1804-06-01
1.489,9.899000000000001,1804-07-01
1.598,9.121,1804-08-01
1.41,9.099,1804-09-01
1.31,8.71,1804-10-01
2.312,9.51,1804-11-01
2.1069999999999998,7.615,1804-12-01
2.1590000000000003,9.058,1805-01-01
1.992,8.189,1805-02-01
1.5619999999999998,9.166,1805-03-01
1.4780000000000002,8.495000000000001,1805-04-01
1.021,8.565,1805-05-01
1.517,9.235,1805-06-01
1.27,8.894,1805-07-01
1.242,9.942,1805-08-01
1.756,8.648,1805-09-01
1.663,7.146000000000001,1805-10-01
1.922,6.9910000000000005,1805-11-01
1.756,9.26,1805-12-01
2.082,9.055,1806-01-01
2.299,8.437000000000001,1806-02-01
1.548,8.044,1806-03-01
1.7109999999999999,8.268,1806-04-01
1.501,8.929,1806-05-01
1.296,7.5520000000000005,1806-06-01
1.105,8.16,1806-07-01
1.125,9.286,1806-08-01
1.829,9.113,1806-09-01
1.2229999999999999,7.825,1806-10-01
1.8,7.744000000000001,1806-11-01
1.861,9.071,1806-12-01
2.408,7.085000000000001,1807-01-01
2.142,8.801,1807-02-01
2.5069999999999997,7.99,1807-03-01
1.546,7.244000000000001,1807-04-01
1.133,6.695,1807-05-01
0.815,8.495000000000001,1807-06-01
1.386,8.442,1807-07-01
2.04,8.272,1807-08-01
1.225,9.242,1807-09-01
1.14,8.469000000000001,1807-10-01
2.0469999999999997,8.777000000000001,1807-11-01
1.155,9.530000000000001,1807-12-01
3.642,7.199000000000001,1808-01-01
1.84,7.586,1808-02-01
1.534,7.5680000000000005,1808-03-01
1.18,7.702,1808-04-01
2.7689999999999997,6.703,1808-05-01
1.8969999999999998,8.405000000000001,1808-06-01
1.695,8.744,1808-07-01
1.107,7.94,1808-08-01
1.865,9.461,1808-09-01
2.1630000000000003,7.402,1808-10-01
1.806,7.165,1808-11-01
2.061,6.057,1808-12-01
2.19,6.412000000000001,1809-01-01
3.2430000000000003,6.441000000000001,1809-02-01
1.392,6.743,1809-03-01
1.8659999999999999,8.077,1809-04-01
1.127,6.899000000000001,1809-05-01
1.368,8.162,1809-06-01
1.088,7.001,1809-07-01
1.351,7.917000000000001,1809-08-01
1.146,7.7090000000000005,1809-09-01
3.1510000000000002,8.133000000000001,1809-10-01
2.309,5.918000000000001,1809-11-01
2.1790000000000003,7.199000000000001,1809-12-01
2.1319999999999997,7.163,1810-01-01
2.36,8.059000000000001,1810-02-01
1.945,8.234,1810-03-01
1.6019999999999999,6.931,1810-04-01
1.774,6.6000000000000005,1810-05-01
1.234,7.0920000000000005,1810-06-01
1.598,7.101,1810-07-01
1.021,7.083,1810-08-01
0.9470000000000001,6.399000000000001,1810-09-01
1.548,6.4590000000000005,1810-10-01
2.525,6.785,1810-11-01
1.946,7.880000000000001,1810-12-01
2.021,7.335000000000001,1811-01-01
1.8259999999999998,6.17,1811-02-01
1.954,7.292,1811-03-01
1.3659999999999999,6.964,1811-04-01
1.547,7.4510000000000005,1811-05-01
1.52,7.599,1811-06-01
1.655,6.514,1811-07-01
0.799,8.21,1811-08-01
1.4269999999999998,7.064,1811-09-01
3.26,6.525,1811-10-01
1.4609999999999999,6.413,1811-11-01
1.624,8.798,1811-12-01
4.542,7.287,1812-01-01
2.8539999999999996,5.7170000000000005,1812-02-01
2.187,5.641,1812-03-01
2.6180000000000003,7.222,1812-04-01
1.067,6.907,1812-05-01
1.216,7.025,1812-06-01
1.5919999999999999,8.56,1812-07-01
1.0859999999999999,9.973,1812-08-01
2.7230000000000003,6.835000000000001,1812-09-01
1.169,7.188000000000001,1812-10-01
2.01,7.1370000000000005,1812-11-01
2.29,6.596,1812-12-01
2.214,5.055,1813-01-01
1.714,7.67,1813-02-01
1.5390000000000001,4.960000000000001,1813-03-01
1.466,8.581,1813-04-01
2.69,8.784,1813-05-01
1.021,8.185,1813-06-01
0.7829999999999999,8.571,1813-07-01
0.9129999999999999,7.859,1813-08-01
1.869,8.932,1813-09-01
1.274,8.037,1813-10-01
1.8940000000000001,9.447000000000001,1813-11-01
1.5330000000000001,7.394,1813-12-01
2.28,7.960000000000001,1814-01-01
2.396,7.210000000000001,1814-02-01
2.479,5.986000000000001,1814-03-01
1.527,7.432,1814-04-01
3.127,6.676,1814-05-01
1.042,7.881,1814-06-01
3.5239999999999996,6.801,1814-07-01
1.901,7.665,1814-08-01
1.0979999999999999,7.29,1814-09-01
1.5130000000000001,6.965,1814-10-01
2.9539999999999997,9.387,1814-11-01
2.71,11.232,1814-12-01
1.891,8.088000000000001,1815-01-01
2.682,7.747,1815-02-01
2.6039999999999996,7.081,1815-03-01
1.709,6.95,1815-04-01
2.059,7.247,1815-05-01
1.19,6.238,1815-06-01
1.393,8.569,1815-07-01
1.489,8.094000000000001,1815-08-01
1.347,7.84,1815-09-01
2.577,6.729,1815-10-01
1.524,6.626,1815-11-01
2.388,6.341,1815-12-01
3.1189999999999998,8.845,1816-01-01
2.762,5.853000000000001,1816-02-01
1.31,7.344,1816-03-01
1.33,8.071,1816-04-01
1.8659999999999999,7.939,1816-05-01
1.531,6.783,1816-06-01
1.791,6.472,1816-07-01
0.9129999999999999,7.448,1816-08-01
1.0290000000000001,7.086,1816-09-01
3.863,5.142,1816-10-01
3.037,6.817,1816-11-01
2.372,6.3950000000000005,1816-12-01
2.008,7.914000000000001,1817-01-01
4.35,9.257,1817-02-01
1.686,8.068,1817-03-01
1.103,8.579,1817-04-01
1.3880000000000001,6.8950000000000005,1817-05-01
1.234,6.2090000000000005,1817-06-01
2.6210000000000004,6.398000000000001,1817-07-01
0.9940000000000001,8.152000000000001,1817-08-01
2.141,5.364000000000001,1817-09-01
1.881,5.704000000000001,1817-10-01
1.3130000000000002,7.470000000000001,1817-11-01
2.9389999999999996,5.615,1817-12-01
1.818,7.5,1818-01-01
1.791,6.431000000000001,1818-02-01
2.092,8.938,1818-03-01
3.924,10.175,1818-04-01
2.661,8.467,1818-05-01
2.825,8.853,1818-06-01
1.413,7.808,1818-07-01
0.929,8.097000000000001,1818-08-01
1.31,7.220000000000001,1818-09-01
1.751,6.051,1818-10-01
2.521,7.808,1818-11-01
1.705,7.8420000000000005,1818-12-01
2.142,7.456,1819-01-01
1.746,7.801,1819-02-01
4.131,6.397,1819-03-01
1.242,7.44,1819-04-01
1.8530000000000002,7.524000000000001,1819-05-01
1.8259999999999998,7.702,1819-06-01
1.17,7.328,1819-07-01
1.24,7.393000000000001,1819-08-01
1.166,7.635000000000001,1819-09-01
0.884,8.171000000000001,1819-10-01
1.5030000000000001,7.748,1819-11-01
1.547,7.53,1819-12-01
2.077,6.92,1820-01-01
2.142,7.996,1820-02-01
1.35,8.097000000000001,1820-03-01
1.161,9.299,1820-04-01
1.167,9.284,1820-05-01
1.104,8.466000000000001,1820-06-01
0.9690000000000001,7.915,1820-07-01
0.885,7.043,1820-08-01
1.515,7.8740000000000006,1820-09-01
1.224,7.039000000000001,1820-10-01
1.051,7.19,1820-11-01
1.54,6.865,1820-12-01
1.754,9.086,1821-01-01
2.459,9.267,1821-02-01
1.42,8.595,1821-03-01
0.99,8.168000000000001,1821-04-01
1.171,8.645,1821-05-01
1.521,7.635000000000001,1821-06-01
1.0659999999999998,7.284000000000001,1821-07-01
0.741,7.817,1821-08-01
0.894,6.627000000000001,1821-09-01
0.915,7.788,1821-10-01
1.673,8.094000000000001,1821-11-01
1.161,7.715,1821-12-01
2.137,8.747,1822-01-01
1.883,9.648,1822-02-01
2.01,10.863,1822-03-01
1.734,8.371,1822-04-01
1.085,7.823,1822-05-01
0.745,8.252,1822-06-01
0.8859999999999999,8.251000000000001,1822-07-01
0.88,7.905,1822-08-01
1.405,7.253,1822-09-01
1.311,7.198,1822-10-01
1.176,7.094,1822-11-01
1.3980000000000001,6.067,1822-12-01
1.608,7.708,1823-01-01
1.392,7.571000000000001,1823-02-01
1.469,8.235000000000001,1823-03-01
1.351,7.814,1823-04-01
1.089,7.819000000000001,1823-05-01
0.779,8.807,1823-06-01
0.821,8.416,1823-07-01
0.7929999999999999,7.798,1823-08-01
1.197,7.027,1823-09-01
1.054,7.0360000000000005,1823-10-01
1.4409999999999998,7.033,1823-11-01
1.7109999999999999,7.470000000000001,1823-12-01
1.5959999999999999,8.871,1824-01-01
1.808,8.18,1824-02-01
1.149,8.648,1824-03-01
0.988,8.747,1824-04-01
1.051,8.572000000000001,1824-05-01
1.474,8.465,1824-06-01
1.237,9.074,1824-07-01
0.8690000000000001,8.187000000000001,1824-08-01
1.133,8.068,1824-09-01
1.1179999999999999,7.522,1824-10-01
1.41,8.198,1824-11-01
2.072,10.07,1824-12-01
1.984,8.996,1825-01-01
1.429,8.253,1825-02-01
1.4380000000000002,8.502,1825-03-01
1.347,9.507,1825-04-01
1.097,8.317,1825-05-01
0.7909999999999999,8.74,1825-06-01
1.048,7.829000000000001,1825-07-01
1.215,7.87,1825-08-01
0.7959999999999999,7.462000000000001,1825-09-01
1.183,7.61,1825-10-01
2.0909999999999997,8.806000000000001,1825-11-01
1.1740000000000002,8.362,1825-12-01
1.615,8.119,1826-01-01
1.594,7.0520000000000005,1826-02-01
1.712,8.219000000000001,1826-03-01
1.251,8.776,1826-04-01
0.9620000000000001,9.274000000000001,1826-05-01
1.041,8.392,1826-06-01
0.609,8.856,1826-07-01
0.9179999999999999,7.9590000000000005,1826-08-01
0.763,7.742000000000001,1826-09-01
1.199,8.112,1826-10-01
0.85,9.522,1826-11-01
1.42,10.233,1826-12-01
2.0669999999999997,9.916,1827-01-01
1.541,9.295,1827-02-01
1.5319999999999998,9.351,1827-03-01
1.393,9.993,1827-04-01
1.1540000000000001,9.153,1827-05-01
1.075,8.663,1827-06-01
0.609,8.903,1827-07-01
1.074,8.462,1827-08-01
1.034,7.761,1827-09-01
0.907,8.01,1827-10-01
1.2309999999999999,8.913,1827-11-01
1.329,8.167,1827-12-01
1.705,6.92,1828-01-01
1.6480000000000001,7.478000000000001,1828-02-01
1.35,9.041,1828-03-01
1.339,9.147,1828-04-01
1.266,8.708,1828-05-01
0.983,8.983,1828-06-01
1.056,8.693,1828-07-01
0.727,8.295,1828-08-01
0.768,6.618,1828-09-01
0.888,8.141,1828-10-01
1.069,8.428,1828-11-01
1.903,7.835000000000001,1828-12-01
1.47,8.052,1829-01-01
1.679,7.138000000000001,1829-02-01
1.354,8.238,1829-03-01
1.235,8.053,1829-04-01
1.255,8.613,1829-05-01
1.003,7.881,1829-06-01
1.0390000000000001,8.422,1829-07-01
0.888,7.998,1829-08-01
0.664,7.188000000000001,1829-09-01
0.98,8.039,1829-10-01
1.339,7.711,1829-11-01
1.781,7.742000000000001,1829-12-01
2.224,9.254,1830-01-01
1.749,9.655000000000001,1830-02-01
1.31,7.9030000000000005,1830-03-01
0.993,9.099,1830-04-01
0.9279999999999999,7.604,1830-05-01
1.093,7.925000000000001,1830-06-01
1.1320000000000001,8.939,1830-07-01
1.032,8.07,1830-08-01
1.015,7.018000000000001,1830-09-01
1.124,7.469,1830-10-01
1.207,10.107,1830-11-01
1.4369999999999998,9.61,1830-12-01
1.835,8.378,1831-01-01
3.012,7.917000000000001,1831-02-01
1.617,7.906000000000001,1831-03-01
1.036,8.065000000000001,1831-04-01
1.192,8.299,1831-05-01
1.337,8.195,1831-06-01
0.746,7.819000000000001,1831-07-01
0.9440000000000001,6.968,1831-08-01
1.057,6.609,1831-09-01
1.165,7.228000000000001,1831-10-01
1.795,7.168,1831-11-01
1.514,7.266,1831-12-01
1.8,8.015,1832-01-01
1.518,7.377000000000001,1832-02-01
1.474,7.952,1832-03-01
0.8759999999999999,8.312000000000001,1832-04-01
1.157,7.852,1832-05-01
0.687,7.6850000000000005,1832-06-01
1.391,7.682,1832-07-01
1.148,6.91,1832-08-01
0.872,6.876,1832-09-01
0.745,8.003,1832-10-01
1.202,6.95,1832-11-01
1.745,6.3180000000000005,1832-12-01
1.535,8.369,1833-01-01
1.3940000000000001,8.247,1833-02-01
1.617,7.531000000000001,1833-03-01
0.955,8.109,1833-04-01
0.773,8.043000000000001,1833-05-01
0.805,8.147,1833-06-01
0.982,7.7780000000000005,1833-07-01
0.767,7.792000000000001,1833-08-01
0.927,7.7330000000000005,1833-09-01
0.73,7.439,1833-10-01
1.329,9.408000000000001,1833-11-01
1.5619999999999998,8.428,1833-12-01
1.791,6.463000000000001,1834-01-01
1.3019999999999998,8.161,1834-02-01
1.1520000000000001,9.053,1834-03-01
0.9790000000000001,8.437000000000001,1834-04-01
0.8320000000000001,8.599,1834-05-01
0.7040000000000001,7.909000000000001,1834-06-01
0.613,8.142,1834-07-01
0.56,7.917000000000001,1834-08-01
0.6659999999999999,7.9430000000000005,1834-09-01
0.872,7.985,1834-10-01
1.214,9.259,1834-11-01
1.0979999999999999,8.338000000000001,1834-12-01
1.7269999999999999,9.149000000000001,1835-01-01
1.57,8.455,1835-02-01
1.265,7.7170000000000005,1835-03-01
1.19,8.027000000000001,1835-04-01
1.286,7.5440000000000005,1835-05-01
1.072,7.182,1835-06-01
0.762,7.016,1835-07-01
0.618,6.881,1835-08-01
0.728,6.481,1835-09-01
0.8809999999999999,7.368,1835-10-01
1.594,6.785,1835-11-01
1.716,6.564,1835-12-01
1.7309999999999999,8.119,1836-01-01
1.44,7.9830000000000005,1836-02-01
1.1059999999999999,8.564,1836-03-01
1.444,7.382000000000001,1836-04-01
1.1740000000000002,7.460000000000001,1836-05-01
0.614,7.41,1836-06-01
0.701,7.503,1836-07-01
1.02,7.253,1836-08-01
0.9229999999999999,7.095000000000001,1836-09-01
1.186,8.094000000000001,1836-10-01
1.337,6.619,1836-11-01
1.27,8.229000000000001,1836-12-01
1.756,8.411,1837-01-01
1.767,8.158,1837-02-01
1.6440000000000001,7.063000000000001,1837-03-01
1.057,6.663,1837-04-01
1.556,7.0200000000000005,1837-05-01
0.9109999999999999,7.174,1837-06-01
0.9620000000000001,7.231,1837-07-01
1.03,7.521000000000001,1837-08-01
0.723,7.195,1837-09-01
1.07,7.011,1837-10-01
1.179,7.011,1837-11-01
1.476,7.523000000000001,1837-12-01
2.352,5.720000000000001,1838-01-01
1.469,7.055000000000001,1838-02-01
1.933,6.947,1838-03-01
1.561,7.574000000000001,1838-04-01
1.126,7.347,1838-05-01
0.904,7.732,1838-06-01
0.755,8.328000000000001,1838-07-01
0.991,8.029,1838-08-01
1.005,7.517,1838-09-01
0.895,7.956,1838-10-01
1.248,7.822,1838-11-01
1.126,7.813000000000001,1838-12-01
2.09,8.471,1839-01-01
1.594,9.004,1839-02-01
1.558,5.957000000000001,1839-03-01
0.9259999999999999,8.196,1839-04-01
0.815,7.647,1839-05-01
0.48,7.832000000000001,1839-06-01
0.574,8.643,1839-07-01
0.978,8.715,1839-08-01
1.314,7.396000000000001,1839-09-01
1.185,7.595000000000001,1839-10-01
1.111,6.635,1839-11-01
1.625,6.42,1839-12-01
1.409,8.877,1840-01-01
1.38,7.635000000000001,1840-02-01
1.6769999999999998,7.29,1840-03-01
0.8390000000000001,8.104000000000001,1840-04-01
0.7709999999999999,8.444,1840-05-01
0.909,8.349,1840-06-01
0.57,8.706,1840-07-01
0.975,7.652,1840-08-01
0.85,7.449000000000001,1840-09-01
0.8079999999999999,6.8790000000000004,1840-10-01
0.887,6.735,1840-11-01
0.948,7.115,1840-12-01
1.7380000000000002,6.9350000000000005,1841-01-01
1.659,8.046000000000001,1841-02-01
1.2009999999999998,6.5120000000000005,1841-03-01
1.181,6.912,1841-04-01
0.604,7.915,1841-05-01
0.7859999999999999,7.954000000000001,1841-06-01
0.498,8.582,1841-07-01
0.617,8.211,1841-08-01
0.7070000000000001,7.266,1841-09-01
0.9129999999999999,8.038,1841-10-01
0.951,7.36,1841-11-01
0.956,7.603000000000001,1841-12-01
1.7269999999999999,7.875,1842-01-01
1.4169999999999998,8.316,1842-02-01
1.022,9.017000000000001,1842-03-01
0.845,8.451,1842-04-01
0.7929999999999999,7.747,1842-05-01
0.6679999999999999,7.583,1842-06-01
0.616,7.633,1842-07-01
0.5660000000000001,7.822,1842-08-01
0.79,7.369000000000001,1842-09-01
0.647,7.680000000000001,1842-10-01
0.765,7.442,1842-11-01
0.862,8.787,1842-12-01
1.183,9.195,1843-01-01
1.123,9.442,1843-02-01
1.0590000000000002,8.071,1843-03-01
0.748,8.085,1843-04-01
0.7390000000000001,7.255000000000001,1843-05-01
0.616,7.508,1843-06-01
0.515,7.969,1843-07-01
0.48,7.84,1843-08-01
0.782,7.688000000000001,1843-09-01
0.904,8.009,1843-10-01
0.743,7.502000000000001,1843-11-01
0.8340000000000001,8.874,1843-12-01
1.242,8.078,1844-01-01
1.228,7.6160000000000005,1844-02-01
1.242,7.931,1844-03-01
0.888,7.591,1844-04-01
0.7490000000000001,7.355,1844-05-01
0.633,7.787000000000001,1844-06-01
0.563,7.91,1844-07-01
0.557,7.640000000000001,1844-08-01
0.6659999999999999,7.328,1844-09-01
0.682,8.012,1844-10-01
0.8079999999999999,6.99,1844-11-01
1.114,6.917,1844-12-01
1.607,8.739,1845-01-01
1.095,7.062,1845-02-01
0.885,7.815,1845-03-01
0.733,8.358,1845-04-01
0.613,7.655,1845-05-01
0.654,7.867000000000001,1845-06-01
0.605,8.370000000000001,1845-07-01
0.644,8.108,1845-08-01
0.72,7.611000000000001,1845-09-01
0.976,7.165,1845-10-01
0.8909999999999999,7.737,1845-11-01
1.3940000000000001,6.7940000000000005,1845-12-01
1.969,9.385,1846-01-01
1.5019999999999998,8.908000000000001,1846-02-01
0.9540000000000001,9.557,1846-03-01
1.402,7.659000000000001,1846-04-01
0.737,8.073,1846-05-01
0.612,8.522,1846-06-01
0.563,8.926,1846-07-01
0.5720000000000001,8.610000000000001,1846-08-01
0.607,8.169,1846-09-01
1.093,7.567,1846-10-01
1.091,7.719,1846-11-01
1.4769999999999999,8.71,1846-12-01
1.568,8.783000000000001,1847-01-01
1.412,8.988,1847-02-01
1.423,7.195,1847-03-01
0.915,8.196,1847-04-01
0.6759999999999999,7.768000000000001,1847-05-01
0.828,7.791,1847-06-01
0.8290000000000001,8.261000000000001,1847-07-01
0.643,7.954000000000001,1847-08-01
0.768,7.973000000000001,1847-09-01
0.565,7.942,1847-10-01
0.746,8.082,1847-11-01
0.99,6.729,1847-12-01
1.4480000000000002,6.535,1848-01-01
1.3769999999999998,9.149000000000001,1848-02-01
1.02,8.02,1848-03-01
0.846,8.315,1848-04-01
0.882,7.75,1848-05-01
0.674,8.169,1848-06-01
0.631,8.476,1848-07-01
0.595,7.847,1848-08-01
0.599,7.385000000000001,1848-09-01
0.695,7.976,1848-10-01
0.753,7.736000000000001,1848-11-01
0.821,7.049,1848-12-01
1.2890000000000001,7.988,1849-01-01
1.264,7.966,1849-02-01
0.992,8.487,1849-03-01
0.9,7.322,1849-04-01
0.618,7.321000000000001,1849-05-01
0.8440000000000001,7.929,1849-06-01
0.902,8.474,1849-07-01
0.595,8.141,1849-08-01
0.667,7.452,1849-09-01
0.726,8.171000000000001,1849-10-01
0.977,8.26,1849-11-01
1.0270000000000001,6.864000000000001,1849-12-01
1.051,6.704000000000001,1850-01-01
1.181,8.408000000000001,1850-02-01
1.102,8.112,1850-03-01
0.7090000000000001,7.332000000000001,1850-04-01
0.585,7.2090000000000005,1850-05-01
0.713,8.082,1850-06-01
0.518,8.527000000000001,1850-07-01
0.619,8.549,1850-08-01
0.527,7.8340000000000005,1850-09-01
0.841,7.345000000000001,1850-10-01
0.9990000000000001,7.151,1850-11-01
0.797,7.4350000000000005,1850-12-01
0.9279999999999999,8.46,1851-01-01
1.033,7.871,1851-02-01
0.955,7.312,1851-03-01
0.557,7.446000000000001,1851-04-01
0.8740000000000001,8.209,1851-05-01
0.573,8.302,1851-06-01
0.531,8.642000000000001,1851-07-01
0.6,8.307,1851-08-01
0.6409999999999999,8.1,1851-09-01
0.929,8.38,1851-10-01
0.59,7.351,1851-11-01
1.2209999999999999,8.066,1851-12-01
1.47,8.289,1852-01-01
1.014,7.8340000000000005,1852-02-01
1.057,6.909000000000001,1852-03-01
0.9009999999999999,7.631,1852-04-01
0.883,8.314,1852-05-01
0.518,8.043000000000001,1852-06-01
0.445,8.487,1852-07-01
0.441,7.755000000000001,1852-08-01
0.536,7.862,1852-09-01
0.596,8.184000000000001,1852-10-01
0.637,7.053000000000001,1852-11-01
0.7829999999999999,8.729000000000001,1852-12-01
1.239,7.836,1853-01-01
1.083,7.471,1853-02-01
0.77,7.267,1853-03-01
0.605,7.758,1853-04-01
0.58,8.133000000000001,1853-05-01
0.593,8.312000000000001,1853-06-01
0.51,8.762,1853-07-01
0.519,8.56,1853-08-01
0.46399999999999997,8.02,1853-09-01
0.758,7.9,1853-10-01
0.831,7.207000000000001,1853-11-01
0.63,7.932,1853-12-01
1.03,7.275,1854-01-01
1.01,7.316000000000001,1854-02-01
0.86,7.968,1854-03-01
0.531,7.872,1854-04-01
0.611,8.205,1854-05-01
0.68,7.782,1854-06-01
0.46399999999999997,8.721,1854-07-01
0.57,8.423,1854-08-01
0.5379999999999999,7.985,1854-09-01
0.6859999999999999,9.17,1854-10-01
0.645,8.219000000000001,1854-11-01
1.091,8.557,1854-12-01
1.4609999999999999,8.781,1855-01-01
1.15,8.454,1855-02-01
0.884,7.936,1855-03-01
0.623,8.847,1855-04-01
0.8859999999999999,8.479000000000001,1855-05-01
0.445,8.084,1855-06-01
0.385,7.971,1855-07-01
0.44799999999999995,8.132,1855-08-01
0.41200000000000003,7.649000000000001,1855-09-01
0.604,7.8500000000000005,1855-10-01
0.629,7.7010000000000005,1855-11-01
1.028,6.962,1855-12-01
0.971,8.704,1856-01-01
1.376,7.577,1856-02-01
0.856,7.598000000000001,1856-03-01
0.605,8.049,1856-04-01
0.486,7.855,1856-05-01
0.851,8.579,1856-06-01
0.573,8.243,1856-07-01
0.6679999999999999,7.649000000000001,1856-08-01
0.546,7.317,1856-09-01
0.531,7.371,1856-10-01
0.652,7.769,1856-11-01
0.711,8.351,1856-12-01
1.172,7.801,1857-01-01
0.89,7.676,1857-02-01
0.74,7.578,1857-03-01
0.544,6.978000000000001,1857-04-01
0.514,7.049,1857-05-01
0.461,7.633,1857-06-01
0.435,8.077,1857-07-01
0.48,7.854,1857-08-01
0.46399999999999997,7.4990000000000006,1857-09-01
0.5539999999999999,7.505000000000001,1857-10-01
0.735,7.672000000000001,1857-11-01
0.675,8.469000000000001,1857-12-01
1.061,8.591000000000001,1858-01-01
0.769,7.601,1858-02-01
0.742,8.059000000000001,1858-03-01
0.503,8.476,1858-04-01
0.53,8.055,1858-05-01
0.491,8.299,1858-06-01
0.569,7.9590000000000005,1858-07-01
0.5489999999999999,7.915,1858-08-01
0.535,7.534000000000001,1858-09-01
0.562,8.114,1858-10-01
0.861,8.417,1858-11-01
0.7929999999999999,7.388,1858-12-01
0.888,8.034,1859-01-01
0.855,8.065000000000001,1859-02-01
0.6679999999999999,8.273,1859-03-01
0.48200000000000004,8.752,1859-04-01
0.614,8.695,1859-05-01
0.616,8.408000000000001,1859-06-01
0.679,8.157,1859-07-01
0.431,7.945,1859-08-01
0.43700000000000006,7.539000000000001,1859-09-01
0.575,8.269,1859-10-01
0.495,8.314,1859-11-01
1.103,8.126000000000001,1859-12-01
0.8759999999999999,7.876,1860-01-01
0.7909999999999999,7.970000000000001,1860-02-01
0.65,6.5840000000000005,1860-03-01
0.528,8.016,1860-04-01
0.7959999999999999,8.279,1860-05-01
0.489,8.469000000000001,1860-06-01
0.5539999999999999,8.544,1860-07-01
0.623,8.606,1860-08-01
0.5429999999999999,8.424,1860-09-01
0.8009999999999999,8.056000000000001,1860-10-01
0.6659999999999999,7.482,1860-11-01
0.665,6.471,1860-12-01
1.023,6.388,1861-01-01
0.835,7.594,1861-02-01
0.894,7.718,1861-03-01
0.753,7.7490000000000006,1861-04-01
0.48700000000000004,7.704000000000001,1861-05-01
0.56,8.148,1861-06-01
0.465,8.301,1861-07-01
0.46299999999999997,8.504,1861-08-01
0.434,7.889,1861-09-01
0.486,7.61,1861-10-01
0.575,8.263,1861-11-01
1.051,7.7540000000000004,1861-12-01
1.766,6.548,1862-01-01
0.807,7.0360000000000005,1862-02-01
0.816,7.559,1862-03-01
1.297,7.399000000000001,1862-04-01
0.574,8.096,1862-05-01
0.925,7.9990000000000006,1862-06-01
0.49700000000000005,8.231,1862-07-01
0.431,7.890000000000001,1862-08-01
0.541,7.551,1862-09-01
0.584,7.5680000000000005,1862-10-01
0.784,7.142,1862-11-01
0.866,6.5,1862-12-01
0.983,9.02,1863-01-01
1.0590000000000002,8.768,1863-02-01
0.8,8.054,1863-03-01
0.601,8.389000000000001,1863-04-01
0.879,8.445,1863-05-01
0.49200000000000005,8.176,1863-06-01
0.51,8.109,1863-07-01
0.451,8.01,1863-08-01
0.55,7.5920000000000005,1863-09-01
0.46,7.391,1863-10-01
0.608,7.8660000000000005,1863-11-01
1.4140000000000001,7.591,1863-12-01
0.9940000000000001,7.398000000000001,1864-01-01
1.17,7.965,1864-02-01
0.68,7.873,1864-03-01
0.805,7.785,1864-04-01
0.6859999999999999,8.347,1864-05-01
0.659,8.528,1864-06-01
0.682,8.495000000000001,1864-07-01
0.612,8.174,1864-08-01
0.41100000000000003,7.915,1864-09-01
0.731,8.012,1864-10-01
0.8270000000000001,7.604,1864-11-01
0.601,7.113,1864-12-01
0.884,8.861,1865-01-01
0.7879999999999999,7.502000000000001,1865-02-01
0.638,7.335000000000001,1865-03-01
0.696,7.658,1865-04-01
0.45799999999999996,8.194,1865-05-01
0.524,8.283,1865-06-01
0.47,8.541,1865-07-01
0.562,8.388,1865-08-01
0.493,8.316,1865-09-01
0.536,8.513,1865-10-01
0.775,8.664,1865-11-01
1.023,7.647,1865-12-01
1.122,8.942,1866-01-01
0.963,7.6080000000000005,1866-02-01
0.87,7.652,1866-03-01
0.631,8.106,1866-04-01
0.664,8.142,1866-05-01
0.498,7.965,1866-06-01
0.46399999999999997,8.907,1866-07-01
0.439,8.211,1866-08-01
0.672,8.101,1866-09-01
0.564,7.877000000000001,1866-10-01
0.555,8.459,1866-11-01
0.89,9.022,1866-12-01
0.963,8.388,1867-01-01
0.846,7.941000000000001,1867-02-01
0.8270000000000001,7.774000000000001,1867-03-01
0.503,8.465,1867-04-01
0.461,7.813000000000001,1867-05-01
0.449,8.471,1867-06-01
0.456,8.581,1867-07-01
0.613,8.366,1867-08-01
0.428,8.323,1867-09-01
0.632,8.562000000000001,1867-10-01
0.67,9.421,1867-11-01
0.743,8.693,1867-12-01
0.847,7.795,1868-01-01
0.759,7.2620000000000005,1868-02-01
0.584,7.825,1868-03-01
0.578,8.407,1868-04-01
0.604,8.447000000000001,1868-05-01
0.41700000000000004,8.425,1868-06-01
0.485,8.872,1868-07-01
0.48,8.526,1868-08-01
0.426,8.013,1868-09-01
0.47600000000000003,8.719000000000001,1868-10-01
0.426,7.632000000000001,1868-11-01
0.7040000000000001,8.188,1868-12-01
0.971,8.211,1869-01-01
1.123,8.845,1869-02-01
0.664,7.593,1869-03-01
0.5760000000000001,8.206,1869-04-01
0.41600000000000004,8.553,1869-05-01
0.755,8.577,1869-06-01
0.431,8.719000000000001,1869-07-01
0.5770000000000001,8.700000000000001,1869-08-01
0.42,8.827,1869-09-01
0.557,8.296000000000001,1869-10-01
0.465,8.252,1869-11-01
0.695,7.6610000000000005,1869-12-01
0.72,7.907,1870-01-01
0.645,7.406000000000001,1870-02-01
0.6920000000000001,7.797000000000001,1870-03-01
0.488,8.127,1870-04-01
0.496,8.567,1870-05-01
0.5379999999999999,8.886000000000001,1870-06-01
0.491,8.871,1870-07-01
0.475,8.226,1870-08-01
0.368,8.502,1870-09-01
0.662,8.16,1870-10-01
0.521,8.093,1870-11-01
0.5579999999999999,7.144,1870-12-01
0.718,7.309,1871-01-01
1.047,7.021000000000001,1871-02-01
0.5720000000000001,7.992000000000001,1871-03-01
0.428,8.592,1871-04-01
0.501,8.073,1871-05-01
0.368,8.27,1871-06-01
0.402,8.561,1871-07-01
0.47700000000000004,8.623000000000001,1871-08-01
0.44299999999999995,8.086,1871-09-01
0.42700000000000005,8.399000000000001,1871-10-01
0.483,7.369000000000001,1871-11-01
0.614,7.758,1871-12-01
1.046,7.556,1872-01-01
0.703,7.654,1872-02-01
0.812,8.066,1872-03-01
0.502,8.028,1872-04-01
0.431,8.378,1872-05-01
0.374,8.155000000000001,1872-06-01
0.45799999999999996,8.533000000000001,1872-07-01
0.465,8.553,1872-08-01
0.402,8.372,1872-09-01
0.38299999999999995,8.450000000000001,1872-10-01
0.42700000000000005,7.665,1872-11-01
0.754,7.335000000000001,1872-12-01
0.6829999999999999,7.846,1873-01-01
0.6579999999999999,8.451,1873-02-01
0.611,7.914000000000001,1873-03-01
0.44299999999999995,7.627000000000001,1873-04-01
0.5429999999999999,8.236,1873-05-01
0.35600000000000004,8.5,1873-06-01
0.441,8.519,1873-07-01
0.38299999999999995,8.491,1873-08-01
0.48700000000000004,7.972,1873-09-01
0.445,8.530000000000001,1873-10-01
0.48,8.215,1873-11-01
0.57,8.554,1873-12-01
0.831,8.536,1874-01-01
0.612,8.399000000000001,1874-02-01
0.495,7.369000000000001,1874-03-01
0.43200000000000005,8.411,1874-04-01
0.401,8.521,1874-05-01
0.40700000000000003,8.455,1874-06-01
0.37799999999999995,8.404,1874-07-01
0.444,8.537,1874-08-01
0.42100000000000004,8.593,1874-09-01
0.37200000000000005,8.464,1874-10-01
0.389,8.125,1874-11-01
0.49,8.258000000000001,1874-12-01
0.616,7.48,1875-01-01
0.6509999999999999,7.7250000000000005,1875-02-01
0.457,7.541,1875-03-01
0.409,7.824000000000001,1875-04-01
0.376,8.041,1875-05-01
0.507,8.323,1875-06-01
0.368,8.44,1875-07-01
0.37200000000000005,8.075000000000001,1875-08-01
0.35100000000000003,7.817,1875-09-01
0.29,7.972,1875-10-01
0.58,7.091,1875-11-01
0.425,7.674,1875-12-01
0.465,7.9030000000000005,1876-01-01
0.49200000000000005,8.017,1876-02-01
0.379,8.067,1876-03-01
0.344,8.444,1876-04-01
0.39899999999999997,7.961,1876-05-01
0.34700000000000003,8.294,1876-06-01
0.38799999999999996,8.601,1876-07-01
0.37799999999999995,8.207,1876-08-01
0.331,8.183,1876-09-01
0.281,8.287,1876-10-01
0.42700000000000005,7.632000000000001,1876-11-01
0.402,7.122,1876-12-01
0.6940000000000001,8.189,1877-01-01
0.532,8.237,1877-02-01
0.395,8.575000000000001,1877-03-01
0.349,8.253,1877-04-01
0.47600000000000003,8.389000000000001,1877-05-01
0.326,8.532,1877-06-01
0.376,8.919,1877-07-01
0.38799999999999996,8.897,1877-08-01
0.35600000000000004,8.647,1877-09-01
0.355,8.622,1877-10-01
0.42200000000000004,8.736,1877-11-01
0.49,7.805000000000001,1877-12-01
0.5720000000000001,7.9350000000000005,1878-01-01
0.505,9.074,1878-02-01
0.41200000000000003,9.88,1878-03-01
0.348,9.124,1878-04-01
0.415,8.335,1878-05-01
0.312,8.932,1878-06-01
0.34700000000000003,9.110000000000001,1878-07-01
0.40299999999999997,8.914,1878-08-01
0.391,8.684000000000001,1878-09-01
0.429,8.622,1878-10-01
0.462,8.887,1878-11-01
0.41100000000000003,8.303,1878-12-01
0.51,8.282,1879-01-01
0.508,8.003,1879-02-01
0.475,8.236,1879-03-01
0.354,7.994000000000001,1879-04-01
0.37799999999999995,8.108,1879-05-01
0.294,8.427,1879-06-01
0.337,8.511000000000001,1879-07-01
0.385,8.028,1879-08-01
0.324,7.931,1879-09-01
0.375,8.596,1879-10-01
0.38799999999999996,8.048,1879-11-01
0.45799999999999996,7.5040000000000004,1879-12-01
0.547,7.761,1880-01-01
0.49700000000000005,7.352,1880-02-01
0.374,7.773000000000001,1880-03-01
0.391,7.767,1880-04-01
0.41200000000000003,8.342,1880-05-01
0.368,8.364,1880-06-01
0.439,8.412,1880-07-01
0.5,8.486,1880-08-01
0.469,7.9030000000000005,1880-09-01
0.373,8.055,1880-10-01
0.49200000000000005,8.342,1880-11-01
0.584,8.129,1880-12-01
0.461,8.444,1881-01-01
0.441,7.974,1881-02-01
0.43,8.271,1881-03-01
0.40299999999999997,8.601,1881-04-01
0.359,8.495000000000001,1881-05-01
0.28800000000000003,7.883,1881-06-01
0.368,8.413,1881-07-01
0.473,8.459,1881-08-01
0.419,8.235000000000001,1881-09-01
0.306,8.24,1881-10-01
0.37,7.82,1881-11-01
0.547,8.227,1881-12-01
0.435,9.057,1882-01-01
0.446,8.614,1882-02-01
0.32,8.292,1882-03-01
0.33399999999999996,7.958,1882-04-01
0.37799999999999995,8.174,1882-05-01
0.28800000000000003,7.9270000000000005,1882-06-01
0.366,7.9670000000000005,1882-07-01
0.37799999999999995,8.395,1882-08-01
0.322,8.288,1882-09-01
0.342,7.86,1882-10-01
0.41,7.57,1882-11-01
0.39399999999999996,7.117,1882-12-01
0.478,7.578,1883-01-01
0.48100000000000004,7.332000000000001,1883-02-01
0.33,8.279,1883-03-01
0.469,7.992000000000001,1883-04-01
0.35700000000000004,8.103,1883-05-01
0.322,8.477,1883-06-01
0.336,8.26,1883-07-01
0.434,7.992000000000001,1883-08-01
0.385,7.878,1883-09-01
0.332,8.373000000000001,1883-10-01
0.376,7.510000000000001,1883-11-01
0.445,8.266,1883-12-01
0.499,8.216000000000001,1884-01-01
0.44,7.977,1884-02-01
0.389,7.2170000000000005,1884-03-01
0.4,7.484,1884-04-01
0.375,7.495,1884-05-01
0.335,7.744000000000001,1884-06-01
0.382,7.886,1884-07-01
0.508,8.024000000000001,1884-08-01
0.39299999999999996,7.8420000000000005,1884-09-01
0.293,7.907,1884-10-01
0.377,7.747,1884-11-01
0.47700000000000004,8.134,1884-12-01
0.682,7.141,1885-01-01
0.691,7.659000000000001,1885-02-01
0.483,7.989000000000001,1885-03-01
0.6509999999999999,7.742000000000001,1885-04-01
0.391,7.859,1885-05-01
0.42,7.8740000000000006,1885-06-01
0.465,8.262,1885-07-01
0.4,8.093,1885-08-01
0.382,7.995,1885-09-01
0.31,8.165000000000001,1885-10-01
0.363,7.91,1885-11-01
0.581,8.665000000000001,1885-12-01
0.433,7.516,1886-01-01
0.34,7.19,1886-02-01
0.556,7.474,1886-03-01
0.5,8.173,1886-04-01
0.42,8.037,1886-05-01
0.354,7.94,1886-06-01
0.408,8.484,1886-07-01
0.374,8.076,1886-08-01
0.297,8.145,1886-09-01
0.4,7.954000000000001,1886-10-01
0.45,7.785,1886-11-01
0.593,8.561,1886-12-01
0.519,6.918,1887-01-01
0.366,7.515000000000001,1887-02-01
0.406,7.861000000000001,1887-03-01
0.359,8.088000000000001,1887-04-01
0.342,8.111,1887-05-01
0.299,7.998,1887-06-01
0.344,8.306000000000001,1887-07-01
0.37,7.847,1887-08-01
0.39,8.244,1887-09-01
0.245,8.092,1887-10-01
0.377,8.072000000000001,1887-11-01
0.401,7.86,1887-12-01
0.478,7.849,1888-01-01
0.42200000000000004,7.469,1888-02-01
0.35200000000000004,7.646000000000001,1888-03-01
0.371,8.084,1888-04-01
0.37,7.955,1888-05-01
0.34,8.047,1888-06-01
0.326,8.503,1888-07-01
0.423,8.280000000000001,1888-08-01
0.428,8.218,1888-09-01
0.312,8.573,1888-10-01
0.40700000000000003,8.322000000000001,1888-11-01
0.428,8.197000000000001,1888-12-01
0.379,7.851,1889-01-01
0.359,8.886000000000001,1889-02-01
0.313,8.633000000000001,1889-03-01
0.314,8.877,1889-04-01
0.35700000000000004,8.503,1889-05-01
0.262,8.453000000000001,1889-06-01
0.389,8.51,1889-07-01
0.375,8.238,1889-08-01
0.317,8.095,1889-09-01
0.254,8.179,1889-10-01
0.38299999999999995,7.506,1889-11-01
0.304,8.065000000000001,1889-12-01
0.428,7.832000000000001,1890-01-01
0.33,7.923,1890-02-01
0.321,7.529,1890-03-01
0.348,8.045,1890-04-01
0.31,7.74,1890-05-01
0.304,8.009,1890-06-01
0.371,8.301,1890-07-01
0.354,8.028,1890-08-01
0.318,8.076,1890-09-01
0.255,8.554,1890-10-01
0.259,7.574000000000001,1890-11-01
0.36,7.94,1890-12-01
0.32899999999999996,7.706,1891-01-01
0.345,7.306,1891-02-01
0.321,8.103,1891-03-01
0.281,7.916,1891-04-01
0.319,8.109,1891-05-01
0.26,8.016,1891-06-01
0.37,8.17,1891-07-01
0.36200000000000004,8.212,1891-08-01
0.292,8.273,1891-09-01
0.27899999999999997,8.081,1891-10-01
0.3,7.607,1891-11-01
0.35700000000000004,8.6,1891-12-01
0.365,8.040000000000001,1892-01-01
0.363,8.19,1892-02-01
0.324,7.651,1892-03-01
0.363,7.872,1892-04-01
0.33,7.963,1892-05-01
0.294,8.434000000000001,1892-06-01
0.336,8.151,1892-07-01
0.359,8.186,1892-08-01
0.306,8.292,1892-09-01
0.22,8.651,1892-10-01
0.37799999999999995,7.449000000000001,1892-11-01
0.494,7.891,1892-12-01
0.31,6.567,1893-01-01
0.3,7.0840000000000005,1893-02-01
0.306,8.255,1893-03-01
0.265,8.315,1893-04-01
0.321,8.048,1893-05-01
0.371,8.208,1893-06-01
0.33,8.6,1893-07-01
0.38299999999999995,8.244,1893-08-01
0.292,8.304,1893-09-01
0.28600000000000003,8.508000000000001,1893-10-01
0.254,8.358,1893-11-01
0.297,8.048,1893-12-01
0.37799999999999995,7.7170000000000005,1894-01-01
0.32799999999999996,8.285,1894-02-01
0.366,8.370000000000001,1894-03-01
0.258,7.961,1894-04-01
0.299,8.257,1894-05-01
0.298,8.041,1894-06-01
0.325,8.321,1894-07-01
0.389,8.249,1894-08-01
0.255,8.129,1894-09-01
0.223,8.508000000000001,1894-10-01
0.23800000000000002,7.964,1894-11-01
0.297,8.124,1894-12-01
0.35700000000000004,7.3580000000000005,1895-01-01
0.40700000000000003,7.458,1895-02-01
0.28600000000000003,7.985,1895-03-01
0.42700000000000005,8.49,1895-04-01
0.332,8.19,1895-05-01
0.314,8.245000000000001,1895-06-01
0.326,8.382,1895-07-01
0.34,8.283,1895-08-01
0.302,8.3,1895-09-01
0.217,8.505,1895-10-01
0.35,8.301,1895-11-01
0.316,8.442,1895-12-01
0.331,8.314,1896-01-01
0.355,8.101,1896-02-01
0.332,7.577,1896-03-01
0.419,7.632000000000001,1896-04-01
0.314,8.198,1896-05-01
0.311,8.432,1896-06-01
0.32899999999999996,8.495000000000001,1896-07-01
0.37799999999999995,8.38,1896-08-01
0.344,8.370000000000001,1896-09-01
0.247,8.802,1896-10-01
0.284,7.908,1896-11-01
0.34600000000000003,8.298,1896-12-01
0.444,7.988,1897-01-01
0.287,7.8870000000000005,1897-02-01
0.342,7.668,1897-03-01
0.311,8.581,1897-04-01
0.34,8.687000000000001,1897-05-01
0.27399999999999997,8.457,1897-06-01
0.41600000000000004,8.52,1897-07-01
0.385,8.393,1897-08-01
0.36,8.432,1897-09-01
0.29100000000000004,8.607000000000001,1897-10-01
0.301,8.194,1897-11-01
0.273,8.199,1897-12-01
0.466,8.798,1898-01-01
0.315,7.781000000000001,1898-02-01
0.275,7.099,1898-03-01
0.379,8.204,1898-04-01
0.309,8.109,1898-05-01
0.264,8.579,1898-06-01
0.312,8.407,1898-07-01
0.36200000000000004,8.349,1898-08-01
0.265,8.325000000000001,1898-09-01
0.23199999999999998,8.225,1898-10-01
0.301,8.030000000000001,1898-11-01
0.301,8.43,1898-12-01
0.3,8.582,1899-01-01
0.34299999999999997,7.7780000000000005,1899-02-01
0.27399999999999997,7.923,1899-03-01
0.316,8.579,1899-04-01
0.355,8.324,1899-05-01
0.272,8.047,1899-06-01
0.336,8.456,1899-07-01
0.353,8.546000000000001,1899-08-01
0.254,8.668000000000001,1899-09-01
0.22899999999999998,8.779,1899-10-01
0.313,9.141,1899-11-01
0.33899999999999997,8.021,1899-12-01
0.391,7.549,1900-01-01
0.27899999999999997,8.548,1900-02-01
0.23399999999999999,8.817,1900-03-01
0.29,8.539,1900-04-01
0.335,8.737,1900-05-01
0.282,8.501000000000001,1900-06-01
0.363,8.464,1900-07-01
0.355,8.59,1900-08-01
0.26899999999999996,8.507,1900-09-01
0.213,9.051,1900-10-01
0.23600000000000002,8.309000000000001,1900-11-01
0.326,8.634,1900-12-01
0.287,8.179,1901-01-01
0.289,8.568,1901-02-01
0.23399999999999999,8.937000000000001,1901-03-01
0.327,8.812000000000001,1901-04-01
0.36200000000000004,8.464,1901-05-01
0.254,8.571,1901-06-01
0.384,8.615,1901-07-01
0.41200000000000003,8.578000000000001,1901-08-01
0.31,8.523,1901-09-01
0.28600000000000003,8.413,1901-10-01
0.326,8.475,1901-11-01
0.217,8.361,1901-12-01
0.27899999999999997,8.669,1902-01-01
0.22899999999999998,9.002,1902-02-01
0.257,8.185,1902-03-01
0.27899999999999997,8.283,1902-04-01
0.336,8.223,1902-05-01
0.303,8.381,1902-06-01
0.33399999999999996,8.484,1902-07-01
0.392,8.353,1902-08-01
0.28,8.342,1902-09-01
0.226,8.221,1902-10-01
0.239,7.787000000000001,1902-11-01
0.273,7.682,1902-12-01
0.242,8.508000000000001,1903-01-01
0.264,8.933,1903-02-01
0.268,8.295,1903-03-01
0.29600000000000004,8.197000000000001,1903-04-01
0.29,8.115,1903-05-01
0.266,8.029,1903-06-01
0.316,8.25,1903-07-01
0.34600000000000003,8.169,1903-08-01
0.304,8.041,1903-09-01
0.239,8.221,1903-10-01
0.247,8.07,1903-11-01
0.204,7.9,1903-12-01
0.25,7.715,1904-01-01
0.25,7.724,1904-02-01
0.20800000000000002,7.86,1904-03-01
0.258,7.99,1904-04-01
0.303,8.161,1904-05-01
0.284,8.14,1904-06-01
0.32899999999999996,8.082,1904-07-01
0.358,8.188,1904-08-01
0.268,7.924,1904-09-01
0.217,8.178,1904-10-01
0.24,8.728,1904-11-01
0.2,8.308,1904-12-01
0.226,8.321,1905-01-01
0.293,7.382000000000001,1905-02-01
0.297,8.026,1905-03-01
0.271,8.095,1905-04-01
0.319,8.308,1905-05-01
0.284,8.293000000000001,1905-06-01
0.34600000000000003,8.356,1905-07-01
0.35100000000000003,8.361,1905-08-01
0.26899999999999996,8.339,1905-09-01
0.25,8.402000000000001,1905-10-01
0.235,8.702,1905-11-01
0.221,8.378,1905-12-01
0.228,8.113,1906-01-01
0.285,7.776,1906-02-01
0.255,8.259,1906-03-01
0.29100000000000004,8.96,1906-04-01
0.304,8.568,1906-05-01
0.284,8.485000000000001,1906-06-01
0.327,8.398,1906-07-01
0.349,8.454,1906-08-01
0.258,8.307,1906-09-01
0.195,8.647,1906-10-01
0.314,8.040000000000001,1906-11-01
0.273,8.717,1906-12-01
0.23600000000000002,7.831,1907-01-01
0.265,7.535,1907-02-01
0.237,7.926,1907-03-01
0.267,7.914000000000001,1907-04-01
0.297,7.683,1907-05-01
0.27,7.862,1907-06-01
0.335,8.048,1907-07-01
0.345,8.13,1907-08-01
0.263,8.237,1907-09-01
0.214,8.625,1907-10-01
0.23399999999999999,7.771000000000001,1907-11-01
0.23600000000000002,7.974,1907-12-01
0.20600000000000002,8.315,1908-01-01
0.33899999999999997,8.247,1908-02-01
0.273,7.514,1908-03-01
0.281,8.17,1908-04-01
0.315,8.447000000000001,1908-05-01
0.247,8.409,1908-06-01
0.317,8.456,1908-07-01
0.325,8.148,1908-08-01
0.247,8.519,1908-09-01
0.209,8.268,1908-10-01
0.21,7.799,1908-11-01
0.228,8.058,1908-12-01
0.243,7.441000000000001,1909-01-01
0.249,8.131,1909-02-01
0.218,7.964,1909-03-01
0.263,7.926,1909-04-01
0.295,7.9510000000000005,1909-05-01
0.243,8.124,1909-06-01
0.301,8.338000000000001,1909-07-01
0.32299999999999995,8.533000000000001,1909-08-01
0.25,8.446,1909-09-01
0.19899999999999998,8.572000000000001,1909-10-01
0.21899999999999997,8.757,1909-11-01
0.223,8.211,1909-12-01
0.20600000000000002,8.348,1910-01-01
0.231,8.217,1910-02-01
0.223,7.98,1910-03-01
0.264,8.426,1910-04-01
0.29600000000000004,8.328000000000001,1910-05-01
0.251,8.285,1910-06-01
0.33399999999999996,8.541,1910-07-01
0.336,8.479000000000001,1910-08-01
0.289,8.296000000000001,1910-09-01
0.20600000000000002,8.41,1910-10-01
0.308,7.848000000000001,1910-11-01
0.26,7.648000000000001,1910-12-01
0.23800000000000002,7.643000000000001,1911-01-01
0.249,7.865,1911-02-01
0.207,7.713,1911-03-01
0.248,8.312000000000001,1911-04-01
0.315,8.164,1911-05-01
0.265,8.195,1911-06-01
0.325,8.339,1911-07-01
0.33399999999999996,8.269,1911-08-01
0.25,8.201,1911-09-01
0.21,8.641,1911-10-01
0.20600000000000002,8.479000000000001,1911-11-01
0.221,8.373000000000001,1911-12-01
0.233,8.391,1912-01-01
0.318,8.729000000000001,1912-02-01
0.237,7.696000000000001,1912-03-01
0.251,8.572000000000001,1912-04-01
0.287,8.548,1912-05-01
0.24100000000000002,8.603,1912-06-01
0.341,8.014000000000001,1912-07-01
0.35200000000000004,7.86,1912-08-01
0.26,7.742000000000001,1912-09-01
0.21899999999999997,7.723000000000001,1912-10-01
0.21600000000000003,8.041,1912-11-01
0.21600000000000003,8.019,1912-12-01
0.225,8.081,1913-01-01
0.304,7.809,1913-02-01
0.24600000000000002,7.871,1913-03-01
0.255,8.357000000000001,1913-04-01
0.301,8.059000000000001,1913-05-01
0.247,8.173,1913-06-01
0.35200000000000004,8.455,1913-07-01
0.344,8.505,1913-08-01
0.268,8.33,1913-09-01
0.205,8.465,1913-10-01
0.23199999999999998,8.555,1913-11-01
0.247,9.092,1913-12-01
0.222,9.372,1914-01-01
0.221,8.624,1914-02-01
0.24,8.316,1914-03-01
0.237,8.439,1914-04-01
0.303,8.609,1914-05-01
0.28300000000000003,8.657,1914-06-01
0.375,8.591000000000001,1914-07-01
0.34299999999999997,8.478,1914-08-01
0.261,8.467,1914-09-01
0.22,8.824,1914-10-01
0.20600000000000002,8.349,1914-11-01
0.253,8.602,1914-12-01
0.217,8.339,1915-01-01
0.26,8.717,1915-02-01
0.223,8.519,1915-03-01
0.239,9.06,1915-04-01
0.295,8.809000000000001,1915-05-01
0.259,8.445,1915-06-01
0.32299999999999995,8.652000000000001,1915-07-01
0.359,8.496,1915-08-01
0.247,8.397,1915-09-01
0.187,8.377,1915-10-01
0.217,8.753,1915-11-01
0.217,8.568,1915-12-01
0.263,8.608,1916-01-01
0.237,8.405000000000001,1916-02-01
0.21600000000000003,8.202,1916-03-01
0.294,8.406,1916-04-01
0.28800000000000003,8.293000000000001,1916-05-01
0.23600000000000002,8.086,1916-06-01
0.307,8.309000000000001,1916-07-01
0.331,8.334,1916-08-01
0.244,8.25,1916-09-01
0.182,8.428,1916-10-01
0.204,8.152000000000001,1916-11-01
0.222,7.349,1916-12-01
0.284,8.15,1917-01-01
0.289,7.79,1917-02-01
0.205,7.796,1917-03-01
0.262,8.167,1917-04-01
0.28800000000000003,7.7410000000000005,1917-05-01
0.23199999999999998,8.021,1917-06-01
0.316,8.545,1917-07-01
0.337,8.238,1917-08-01
0.264,8.272,1917-09-01
0.21100000000000002,7.94,1917-10-01
0.201,8.358,1917-11-01
0.23800000000000002,7.284000000000001,1917-12-01
0.24,7.946000000000001,1918-01-01
0.24600000000000002,7.908,1918-02-01
0.221,8.16,1918-03-01
0.251,7.984,1918-04-01
0.29100000000000004,7.83,1918-05-01
0.256,8.067,1918-06-01
0.34600000000000003,8.245000000000001,1918-07-01
0.34299999999999997,8.15,1918-08-01
0.255,8.418000000000001,1918-09-01
0.18,8.829,1918-10-01
0.18899999999999997,8.247,1918-11-01
0.19399999999999998,7.846,1918-12-01
0.268,8.234,1919-01-01
0.226,8.297,1919-02-01
0.20600000000000002,8.08,1919-03-01
0.23,8.807,1919-04-01
0.285,8.267000000000001,1919-05-01
0.24,8.383000000000001,1919-06-01
0.316,8.533000000000001,1919-07-01
0.32799999999999996,8.561,1919-08-01
0.244,8.51,1919-09-01
0.204,8.731,1919-10-01
0.195,8.030000000000001,1919-11-01
0.221,8.212,1919-12-01
0.228,8.89,1920-01-01
0.23399999999999999,8.157,1920-02-01
0.235,8.576,1920-03-01
0.253,8.611,1920-04-01
0.29,8.437000000000001,1920-05-01
0.26899999999999996,8.251000000000001,1920-06-01
0.32299999999999995,8.509,1920-07-01
0.331,8.408000000000001,1920-08-01
0.245,8.331,1920-09-01
0.182,8.403,1920-10-01
0.203,8.099,1920-11-01
0.218,7.647,1920-12-01
0.214,8.998000000000001,1921-01-01
0.23600000000000002,8.566,1921-02-01
0.195,8.392,1921-03-01
0.244,8.646,1921-04-01
0.289,8.533000000000001,1921-05-01
0.24100000000000002,8.6,1921-06-01
0.305,8.688,1921-07-01
0.32899999999999996,8.283,1921-08-01
0.24,8.392,1921-09-01
0.203,8.657,1921-10-01
0.191,8.403,1921-11-01
0.259,8.676,1921-12-01
0.242,8.156,1922-01-01
0.3,7.781000000000001,1922-02-01
0.205,8.495000000000001,1922-03-01
0.23600000000000002,8.71,1922-04-01
0.287,8.405000000000001,1922-05-01
0.235,8.49,1922-06-01
0.3,8.52,1922-07-01
0.32799999999999996,8.279,1922-08-01
0.24100000000000002,8.275,1922-09-01
0.213,8.399000000000001,1922-10-01
0.187,8.561,1922-11-01
0.209,8.635,1922-12-01
0.217,8.539,1923-01-01
0.214,7.977,1923-02-01
0.225,8.207,1923-03-01
0.237,8.064,1923-04-01
0.294,8.157,1923-05-01
0.254,8.42,1923-06-01
0.308,8.200000000000001,1923-07-01
0.33,8.326,1923-08-01
0.257,8.399000000000001,1923-09-01
0.191,8.878,1923-10-01
0.2,8.879,1923-11-01
0.22399999999999998,8.858,1923-12-01
0.237,8.337,1924-01-01
0.22699999999999998,8.326,1924-02-01
0.192,8.675,1924-03-01
0.245,8.276,1924-04-01
0.311,8.485000000000001,1924-05-01
0.249,8.462,1924-06-01
0.306,8.521,1924-07-01
0.324,8.355,1924-08-01
0.24100000000000002,8.466000000000001,1924-09-01
0.182,8.584,1924-10-01
0.228,8.898,1924-11-01
0.235,8.449,1924-12-01
0.22399999999999998,8.282,1925-01-01
0.25,8.092,1925-02-01
0.201,8.375,1925-03-01
0.25,8.72,1925-04-01
0.306,8.336,1925-05-01
0.25,8.226,1925-06-01
0.304,8.332,1925-07-01
0.336,8.495000000000001,1925-08-01
0.258,8.504,1925-09-01
0.182,8.581,1925-10-01
0.183,8.871,1925-11-01
0.198,9.327,1925-12-01
0.226,9.455,1926-01-01
0.20600000000000002,9.118,1926-02-01
0.20199999999999999,9.125,1926-03-01
0.239,8.508000000000001,1926-04-01
0.28,8.216000000000001,1926-05-01
0.261,8.379,1926-06-01
0.317,8.411,1926-07-01
0.324,8.595,1926-08-01
0.248,8.596,1926-09-01
0.201,8.926,1926-10-01
0.191,8.779,1926-11-01
0.23399999999999999,8.285,1926-12-01
0.221,8.34,1927-01-01
0.251,8.41,1927-02-01
0.252,7.94,1927-03-01
0.26,8.337,1927-04-01
0.28600000000000003,8.441,1927-05-01
0.24,8.383000000000001,1927-06-01
0.3,8.527000000000001,1927-07-01
0.332,8.413,1927-08-01
0.249,8.759,1927-09-01
0.19,9.253,1927-10-01
0.193,8.811,1927-11-01
0.19699999999999998,8.169,1927-12-01
0.207,8.997,1928-01-01
0.225,8.723,1928-02-01
0.20600000000000002,8.292,1928-03-01
0.237,8.546000000000001,1928-04-01
0.284,8.442,1928-05-01
0.233,8.207,1928-06-01
0.29600000000000004,8.523,1928-07-01
0.324,8.408000000000001,1928-08-01
0.237,8.55,1928-09-01
0.185,8.835,1928-10-01
0.205,8.824,1928-11-01
0.222,8.808,1928-12-01
0.221,8.036,1929-01-01
0.214,7.542000000000001,1929-02-01
0.19699999999999998,8.399000000000001,1929-03-01
0.25,8.362,1929-04-01
0.299,8.185,1929-05-01
0.231,8.036,1929-06-01
0.3,8.176,1929-07-01
0.319,8.375,1929-08-01
0.259,8.345,1929-09-01
0.193,8.822000000000001,1929-10-01
0.243,8.674,1929-11-01
0.221,7.514,1929-12-01
0.244,8.346,1930-01-01
0.225,8.504,1930-02-01
0.218,8.799,1930-03-01
0.235,8.447000000000001,1930-04-01
0.285,8.343,1930-05-01
0.23399999999999999,8.42,1930-06-01
0.301,8.672,1930-07-01
0.322,8.603,1930-08-01
0.243,8.387,1930-09-01
0.184,8.613,1930-10-01
0.225,9.026,1930-11-01
0.22,8.728,1930-12-01
0.239,8.688,1931-01-01
0.228,8.109,1931-02-01
0.204,8.528,1931-03-01
0.243,8.421000000000001,1931-04-01
0.28,8.261000000000001,1931-05-01
0.228,8.657,1931-06-01
0.303,8.798,1931-07-01
0.322,8.814,1931-08-01
0.253,8.803,1931-09-01
0.182,9.295,1931-10-01
0.182,8.751000000000001,1931-11-01
0.187,8.981,1931-12-01
0.191,9.586,1932-01-01
0.201,8.354000000000001,1932-02-01
0.18899999999999997,8.221,1932-03-01
0.251,9.019,1932-04-01
0.285,8.48,1932-05-01
0.244,8.466000000000001,1932-06-01
0.302,8.597,1932-07-01
0.32299999999999995,8.464,1932-08-01
0.243,8.807,1932-09-01
0.17600000000000002,9.018,1932-10-01
0.18600000000000003,8.359,1932-11-01
0.195,8.467,1932-12-01
0.187,8.146,1933-01-01
0.21,8.033000000000001,1933-02-01
0.21600000000000003,8.133000000000001,1933-03-01
0.244,8.371,1933-04-01
0.282,8.32,1933-05-01
0.231,8.205,1933-06-01
0.303,8.457,1933-07-01
0.32299999999999995,8.47,1933-08-01
0.247,8.353,1933-09-01
0.18600000000000003,8.58,1933-10-01
0.196,8.367,1933-11-01
0.203,8.028,1933-12-01
0.20800000000000002,8.42,1934-01-01
0.19899999999999998,9.038,1934-02-01
0.19399999999999998,8.052,1934-03-01
0.247,8.259,1934-04-01
0.282,8.738,1934-05-01
0.228,8.51,1934-06-01
0.302,8.575000000000001,1934-07-01
0.33,8.487,1934-08-01
0.24600000000000002,8.243,1934-09-01
0.19,8.780000000000001,1934-10-01
0.183,8.874,1934-11-01
0.217,8.903,1934-12-01
0.22699999999999998,8.131,1935-01-01
0.19899999999999998,9.469000000000001,1935-02-01
0.203,8.659,1935-03-01
0.24100000000000002,8.017,1935-04-01
0.28,8.151,1935-05-01
0.24100000000000002,8.412,1935-06-01
0.297,8.552,1935-07-01
0.326,8.479000000000001,1935-08-01
0.235,8.5,1935-09-01
0.184,8.852,1935-10-01
0.203,7.939,1935-11-01
0.2,8.356,1935-12-01
0.22899999999999998,8.19,1936-01-01
0.20600000000000002,7.8580000000000005,1936-02-01
0.215,8.288,1936-03-01
0.242,8.373000000000001,1936-04-01
0.28800000000000003,8.5,1936-05-01
0.22899999999999998,8.446,1936-06-01
0.303,8.835,1936-07-01
0.33,8.568,1936-08-01
0.24,8.52,1936-09-01
0.17800000000000002,8.813,1936-10-01
0.195,8.713000000000001,1936-11-01
0.188,8.834,1936-12-01
0.191,8.411,1937-01-01
0.218,8.911,1937-02-01
0.263,8.136000000000001,1937-03-01
0.251,8.386000000000001,1937-04-01
0.287,8.665000000000001,1937-05-01
0.23399999999999999,8.683,1937-06-01
0.302,8.583,1937-07-01
0.325,8.719000000000001,1937-08-01
0.248,8.889000000000001,1937-09-01
0.19399999999999998,9.075000000000001,1937-10-01
0.185,8.839,1937-11-01
0.22699999999999998,8.411,1937-12-01
0.18600000000000003,8.874,1938-01-01
0.2,8.786,1938-02-01
0.237,8.917,1938-03-01
0.24600000000000002,9.172,1938-04-01
0.28800000000000003,8.723,1938-05-01
0.228,8.407,1938-06-01
0.3,8.693,1938-07-01
0.326,8.67,1938-08-01
0.24,8.92,1938-09-01
0.175,9.14,1938-10-01
0.19399999999999998,9.061,1938-11-01
0.21899999999999997,8.455,1938-12-01
0.19,8.9,1939-01-01
0.213,8.612,1939-02-01
0.222,8.205,1939-03-01
0.258,8.587,1939-04-01
0.294,8.775,1939-05-01
0.248,8.634,1939-06-01
0.315,8.638,1939-07-01
0.324,8.653,1939-08-01
0.244,8.467,1939-09-01
0.185,8.588000000000001,1939-10-01
0.187,8.679,1939-11-01
0.196,9.895,1939-12-01
0.203,8.311,1940-01-01
0.2,8.780000000000001,1940-02-01
0.19699999999999998,8.665000000000001,1940-03-01
0.237,8.99,1940-04-01
0.284,8.575000000000001,1940-05-01
0.23199999999999998,8.684000000000001,1940-06-01
0.304,8.825000000000001,1940-07-01
0.324,8.551,1940-08-01
0.251,8.799,1940-09-01
0.201,8.832,1940-10-01
0.193,8.57,1940-11-01
0.19899999999999998,9.067,1940-12-01
0.18899999999999997,8.717,1941-01-01
0.19699999999999998,9.016,1941-02-01
0.18600000000000003,8.487,1941-03-01
0.239,8.823,1941-04-01
0.284,8.751000000000001,1941-05-01
0.23800000000000002,8.746,1941-06-01
0.305,8.939,1941-07-01
0.324,8.757,1941-08-01
0.23399999999999999,8.356,1941-09-01
0.17300000000000001,9.086,1941-10-01
0.18899999999999997,8.457,1941-11-01
0.209,8.642000000000001,1941-12-01
0.185,9.072000000000001,1942-01-01
0.20199999999999999,8.255,1942-02-01
0.18899999999999997,8.586,1942-03-01
0.23600000000000002,8.695,1942-04-01
0.278,8.606,1942-05-01
0.228,8.685,1942-06-01
0.29600000000000004,8.479000000000001,1942-07-01
0.32299999999999995,8.513,1942-08-01
0.239,8.672,1942-09-01
0.17600000000000002,8.993,1942-10-01
0.183,8.894,1942-11-01
0.191,8.865,1942-12-01
0.18100000000000002,8.362,1943-01-01
0.188,8.911,1943-02-01
0.18899999999999997,8.415000000000001,1943-03-01
0.237,8.907,1943-04-01
0.27699999999999997,8.733,1943-05-01
0.22899999999999998,8.264000000000001,1943-06-01
0.309,8.702,1943-07-01
0.317,8.507,1943-08-01
0.23399999999999999,8.618,1943-09-01
0.17800000000000002,9.272,1943-10-01
0.17300000000000001,8.747,1943-11-01
0.188,9.193,1943-12-01
0.18600000000000003,9.501000000000001,1944-01-01
0.192,8.959,1944-02-01
0.18100000000000002,8.8,1944-03-01
0.226,8.700000000000001,1944-04-01
0.278,8.613,1944-05-01
0.225,8.576,1944-06-01
0.29,8.701,1944-07-01
0.308,8.752,1944-08-01
0.231,8.968,1944-09-01
0.17800000000000002,9.166,1944-10-01
0.18,8.598,1944-11-01
0.191,8.402000000000001,1944-12-01
0.184,8.516,1945-01-01
0.19899999999999998,8.025,1945-02-01
0.18,8.456,1945-03-01
0.23199999999999998,8.925,1945-04-01
0.275,8.354000000000001,1945-05-01
0.23199999999999998,8.44,1945-06-01
0.29600000000000004,8.453000000000001,1945-07-01
0.317,9.032,1945-08-01
0.239,8.738,1945-09-01
0.179,8.946,1945-10-01
0.18,8.583,1945-11-01
0.185,8.117,1945-12-01
0.183,8.974,1946-01-01
0.19699999999999998,8.849,1946-02-01
0.195,8.525,1946-03-01
0.226,9.108,1946-04-01
0.266,8.63,1946-05-01
0.22399999999999998,8.427,1946-06-01
0.29100000000000004,8.667,1946-07-01
0.316,8.557,1946-08-01
0.23,8.594000000000001,1946-09-01
0.17800000000000002,8.665000000000001,1946-10-01
0.172,8.76,1946-11-01
0.18100000000000002,8.128,1946-12-01
0.174,8.606,1947-01-01
0.18100000000000002,8.684000000000001,1947-02-01
0.188,9.08,1947-03-01
0.21899999999999997,8.949,1947-04-01
0.26899999999999996,8.602,1947-05-01
0.22,8.555,1947-06-01
0.28600000000000003,8.603,1947-07-01
0.31,8.575000000000001,1947-08-01
0.23199999999999998,8.699,1947-09-01
0.18,9.388,1947-10-01
0.18,8.934000000000001,1947-11-01
0.19,8.621,1947-12-01
0.17600000000000002,9.357000000000001,1948-01-01
0.17800000000000002,8.592,1948-02-01
0.187,8.200000000000001,1948-03-01
0.21600000000000003,8.764000000000001,1948-04-01
0.26,8.777000000000001,1948-05-01
0.21,8.765,1948-06-01
0.276,8.678,1948-07-01
0.298,8.618,1948-08-01
0.21899999999999997,8.67,1948-09-01
0.158,8.96,1948-10-01
0.166,8.723,1948-11-01
0.174,8.465,1948-12-01
0.177,9.226,1949-01-01
0.174,8.147,1949-02-01
0.163,8.343,1949-03-01
0.21899999999999997,8.609,1949-04-01
0.258,8.563,1949-05-01
0.213,8.309000000000001,1949-06-01
0.27399999999999997,8.439,1949-07-01
0.297,8.543000000000001,1949-08-01
0.21600000000000003,8.458,1949-09-01
0.18,8.901,1949-10-01
0.166,8.662,1949-11-01
0.18600000000000003,8.43,1949-12-01
0.171,8.003,1950-01-01
0.157,8.112,1950-02-01
0.14400000000000002,8.525,1950-03-01
0.19399999999999998,8.385,1950-04-01
0.23,8.548,1950-05-01
0.184,8.486,1950-06-01
0.237,8.396,1950-07-01
0.223,8.187000000000001,1950-08-01
0.192,8.494,1950-09-01
0.149,8.544,1950-10-01
0.129,7.9,1950-11-01
0.147,8.522,1950-12-01
0.11900000000000001,8.136000000000001,1951-01-01
0.151,7.73,1951-02-01
0.156,8.374,1951-03-01
0.161,8.641,1951-04-01
0.218,8.715,1951-05-01
0.20199999999999999,8.356,1951-06-01
0.242,8.545,1951-07-01
0.253,8.749,1951-08-01
0.223,8.836,1951-09-01
0.131,9.049,1951-10-01
0.136,8.756,1951-11-01
0.156,9.3,1951-12-01
0.14400000000000002,9.051,1952-01-01
0.177,8.787,1952-02-01
0.17800000000000002,8.249,1952-03-01
0.226,8.743,1952-04-01
0.27399999999999997,8.608,1952-05-01
0.213,8.571,1952-06-01
0.282,8.803,1952-07-01
0.304,8.711,1952-08-01
0.223,8.782,1952-09-01
0.166,8.538,1952-10-01
0.17300000000000001,7.978000000000001,1952-11-01
0.179,8.649000000000001,1952-12-01
0.16899999999999998,8.966000000000001,1953-01-01
0.18600000000000003,9.032,1953-02-01
0.175,9.013,1953-03-01
0.23199999999999998,9.164,1953-04-01
0.278,8.773,1953-05-01
0.21600000000000003,8.722,1953-06-01
0.285,8.646,1953-07-01
0.305,8.799,1953-08-01
0.222,8.755,1953-09-01
0.17300000000000001,8.979000000000001,1953-10-01
0.172,8.462,1953-11-01
0.175,8.981,1953-12-01
0.145,8.069,1954-01-01
0.184,8.443,1954-02-01
0.162,8.459,1954-03-01
0.213,8.442,1954-04-01
0.22,8.258000000000001,1954-05-01
0.188,8.517,1954-06-01
0.22699999999999998,8.493,1954-07-01
0.249,8.596,1954-08-01
0.205,8.628,1954-09-01
0.14800000000000002,8.938,1954-10-01
0.146,9.118,1954-11-01
0.159,8.546000000000001,1954-12-01
0.136,9.416,1955-01-01
0.14400000000000002,8.548,1955-02-01
0.12,7.892,1955-03-01
0.14400000000000002,8.404,1955-04-01
0.18600000000000003,8.459,1955-05-01
0.134,8.671000000000001,1955-06-01
0.17800000000000002,8.5,1955-07-01
0.237,9.028,1955-08-01
0.142,8.485000000000001,1955-09-01
0.11199999999999999,9.118,1955-10-01
0.134,8.511000000000001,1955-11-01
0.136,8.294,1955-12-01
0.1,8.484,1956-01-01
0.115,8.177,1956-02-01
0.11800000000000001,8.195,1956-03-01
0.078,8.199,1956-04-01
0.085,7.994000000000001,1956-05-01
0.135,8.288,1956-06-01
0.066,8.456,1956-07-01
0.121,7.94,1956-08-01
0.09,8.331,1956-09-01
0.094,8.324,1956-10-01
0.127,8.279,1956-11-01
0.17,8.577,1956-12-01
0.11,8.5,1957-01-01
0.09,8.522,1957-02-01
0.08199999999999999,8.329,1957-03-01
0.18899999999999997,8.645,1957-04-01
0.099,8.523,1957-05-01
0.20600000000000002,8.906,1957-06-01
0.23,8.387,1957-07-01
0.184,8.828000000000001,1957-08-01
0.349,8.846,1957-09-01
0.155,8.887,1957-10-01
0.129,8.928,1957-11-01
0.11800000000000001,9.315000000000001,1957-12-01
0.102,9.577,1958-01-01
0.152,9.095,1958-02-01
0.092,8.758000000000001,1958-03-01
0.051,8.807,1958-04-01
0.07400000000000001,8.791,1958-05-01
0.106,8.314,1958-06-01
0.13699999999999998,8.696,1958-07-01
0.11599999999999999,8.346,1958-08-01
0.086,8.389000000000001,1958-09-01
0.079,8.774000000000001,1958-10-01
0.078,8.811,1958-11-01
0.099,8.805,1958-12-01
0.043,8.963000000000001,1959-01-01
0.07400000000000001,8.739,1959-02-01
0.188,9.17,1959-03-01
0.11,9.107000000000001,1959-04-01
0.09300000000000001,8.603,1959-05-01
0.046,8.705,1959-06-01
0.102,8.707,1959-07-01
0.095,8.616,1959-08-01
0.10099999999999999,8.478,1959-09-01
0.09,8.554,1959-10-01
0.055999999999999994,8.298,1959-11-01
0.062,8.764000000000001,1959-12-01
0.066,8.734,1960-01-01
0.095,9.212,1960-02-01
0.077,7.599,1960-03-01
0.059000000000000004,8.375,1960-04-01
0.081,8.144,1960-05-01
0.071,8.608,1960-06-01
0.08800000000000001,8.459,1960-07-01
0.10800000000000001,8.57,1960-08-01
0.078,8.63,1960-09-01
0.046,8.875,1960-10-01
0.129,8.370000000000001,1960-11-01
0.079,9.257,1960-12-01
0.077,8.952,1961-01-01
0.10099999999999999,9.103,1961-02-01
0.073,8.881,1961-03-01
0.149,8.936,1961-04-01
0.079,8.903,1961-05-01
0.128,8.827,1961-06-01
0.063,8.574,1961-07-01
0.157,8.609,1961-08-01
0.077,8.786,1961-09-01
0.17600000000000002,8.701,1961-10-01
0.066,8.747,1961-11-01
0.044000000000000004,8.491,1961-12-01
0.07,9.01,1962-01-01
0.062,9.103,1962-02-01
0.132,8.843,1962-03-01
0.131,8.822000000000001,1962-04-01
0.048,8.398,1962-05-01
0.193,8.561,1962-06-01
0.061,8.475,1962-07-01
0.102,8.459,1962-08-01
0.256,8.547,1962-09-01
0.204,8.842,1962-10-01
0.145,8.826,1962-11-01
0.066,8.909,1962-12-01
0.069,8.909,1963-01-01
0.052000000000000005,9.447000000000001,1963-02-01
0.107,8.409,1963-03-01
0.099,8.447000000000001,1963-04-01
0.08,8.31,1963-05-01
0.091,8.545,1963-06-01
0.09,8.773,1963-07-01
0.047,9.065,1963-08-01
0.147,9.110000000000001,1963-09-01
0.079,9.335,1963-10-01
0.105,9.102,1963-11-01
0.07,8.741,1963-12-01
0.152,8.887,1964-01-01
0.057,8.442,1964-02-01
0.065,8.175,1964-03-01
0.085,8.203000000000001,1964-04-01
0.069,8.178,1964-05-01
0.095,8.608,1964-06-01
0.105,8.58,1964-07-01
0.15,8.406,1964-08-01
0.055999999999999994,8.119,1964-09-01
0.084,8.226,1964-10-01
0.08199999999999999,8.524000000000001,1964-11-01
0.071,8.44,1964-12-01
0.078,8.873000000000001,1965-01-01
0.09300000000000001,8.442,1965-02-01
0.098,8.488,1965-03-01
0.113,8.275,1965-04-01
0.14,8.498000000000001,1965-05-01
0.188,8.452,1965-06-01
0.13699999999999998,8.339,1965-07-01
0.055,8.564,1965-08-01
0.113,8.274000000000001,1965-09-01
0.11699999999999999,8.88,1965-10-01
0.073,8.405000000000001,1965-11-01
0.10400000000000001,8.762,1965-12-01
0.044000000000000004,8.498000000000001,1966-01-01
0.069,8.697000000000001,1966-02-01
0.146,8.837,1966-03-01
0.11699999999999999,8.439,1966-04-01
0.055999999999999994,8.483,1966-05-01
0.134,8.688,1966-06-01
0.109,8.866,1966-07-01
0.09699999999999999,8.504,1966-08-01
0.055999999999999994,8.683,1966-09-01
0.09699999999999999,8.517,1966-10-01
0.115,8.494,1966-11-01
0.064,8.362,1966-12-01
0.062,8.728,1967-01-01
0.08800000000000001,8.316,1967-02-01
0.107,8.724,1967-03-01
0.09699999999999999,8.689,1967-04-01
0.10099999999999999,8.911,1967-05-01
0.078,8.309000000000001,1967-06-01
0.11900000000000001,8.641,1967-07-01
0.152,8.483,1967-08-01
0.071,8.603,1967-09-01
0.06,9.201,1967-10-01
0.09300000000000001,8.717,1967-11-01
0.04,8.896,1967-12-01
0.07,8.375,1968-01-01
0.067,8.658,1968-02-01
0.066,9.440000000000001,1968-03-01
0.086,8.735000000000001,1968-04-01
0.092,8.282,1968-05-01
0.105,8.366,1968-06-01
0.107,8.247,1968-07-01
0.081,8.235000000000001,1968-08-01
0.131,8.098,1968-09-01
0.1,8.844000000000001,1968-10-01
0.091,8.432,1968-11-01
0.040999999999999995,8.218,1968-12-01
0.038,7.969,1969-01-01
0.077,7.861000000000001,1969-02-01
0.111,8.403,1969-03-01
0.095,8.864,1969-04-01
0.05,8.628,1969-05-01
0.069,8.611,1969-06-01
0.105,8.485000000000001,1969-07-01
0.091,8.568,1969-08-01
0.075,8.544,1969-09-01
0.085,8.887,1969-10-01
0.049,8.96,1969-11-01
0.078,9.191,1969-12-01
0.07,8.846,1970-01-01
0.094,9.164,1970-02-01
0.114,8.6,1970-03-01
0.091,8.878,1970-04-01
0.05,8.487,1970-05-01
0.16699999999999998,8.643,1970-06-01
0.08800000000000001,8.678,1970-07-01
0.076,8.411,1970-08-01
0.053,8.823,1970-09-01
0.062,8.74,1970-10-01
0.067,8.594000000000001,1970-11-01
0.049,8.51,1970-12-01
0.06,8.987,1971-01-01
0.113,8.3,1971-02-01
0.039,8.327,1971-03-01
0.08199999999999999,8.627,1971-04-01
0.109,8.501000000000001,1971-05-01
0.07,8.226,1971-06-01
0.083,8.406,1971-07-01
0.077,8.637,1971-08-01
0.124,8.672,1971-09-01
0.079,8.784,1971-10-01
0.09300000000000001,8.847,1971-11-01
0.066,8.860000000000001,1971-12-01
0.078,7.9,1972-01-01
0.08199999999999999,8.023,1972-02-01
0.142,8.549,1972-03-01
0.084,8.646,1972-04-01
0.092,8.459,1972-05-01
0.11,8.65,1972-06-01
0.149,8.503,1972-07-01
0.099,8.931000000000001,1972-08-01
0.162,8.447000000000001,1972-09-01
0.121,8.743,1972-10-01
0.087,8.353,1972-11-01
0.066,8.776,1972-12-01
0.10800000000000001,9.059000000000001,1973-01-01
0.12300000000000001,9.318,1973-02-01
0.061,9.153,1973-03-01
0.11599999999999999,9.249,1973-04-01
0.05,9.048,1973-05-01
0.044000000000000004,8.964,1973-06-01
0.128,8.72,1973-07-01
0.17600000000000002,8.618,1973-08-01
0.063,8.665000000000001,1973-09-01
0.099,9.013,1973-10-01
0.071,8.783000000000001,1973-11-01
0.043,8.823,1973-12-01
0.106,8.282,1974-01-01
0.121,8.002,1974-02-01
0.111,8.529,1974-03-01
0.109,8.645,1974-04-01
0.096,8.486,1974-05-01
0.051,8.516,1974-06-01
0.109,8.567,1974-07-01
0.124,8.762,1974-08-01
0.134,8.287,1974-09-01
0.06,8.499,1974-10-01
0.08800000000000001,8.466000000000001,1974-11-01
0.129,8.536,1974-12-01
0.051,9.07,1975-01-01
0.076,8.822000000000001,1975-02-01
0.107,9.041,1975-03-01
0.11199999999999999,8.882,1975-04-01
0.095,9.030000000000001,1975-05-01
0.134,8.683,1975-06-01
0.131,8.626000000000001,1975-07-01
0.17800000000000002,8.233,1975-08-01
0.08800000000000001,8.66,1975-09-01
0.05,8.713000000000001,1975-10-01
0.055,8.450000000000001,1975-11-01
0.063,8.647,1975-12-01
0.054000000000000006,8.906,1976-01-01
0.096,8.472,1976-02-01
0.08199999999999999,7.841,1976-03-01
0.115,8.589,1976-04-01
0.16,8.252,1976-05-01
0.10300000000000001,8.216000000000001,1976-06-01
0.17800000000000002,8.427,1976-07-01
0.203,8.268,1976-08-01
0.057999999999999996,8.439,1976-09-01
0.14800000000000002,7.915,1976-10-01
0.078,8.219000000000001,1976-11-01
0.044000000000000004,8.672,1976-12-01
0.039,8.517,1977-01-01
0.111,8.894,1977-02-01
0.091,9.043000000000001,1977-03-01
0.079,9.154,1977-04-01
0.09699999999999999,9.108,1977-05-01
0.048,9.024000000000001,1977-06-01
0.09,8.919,1977-07-01
0.09,8.861,1977-08-01
0.076,8.408000000000001,1977-09-01
0.07400000000000001,8.564,1977-10-01
0.059000000000000004,9.099,1977-11-01
0.027000000000000003,8.737,1977-12-01
0.084,8.732000000000001,1978-01-01
0.08800000000000001,8.889000000000001,1978-02-01
0.062,8.949,1978-03-01
0.113,9.098,1978-04-01
0.055,8.667,1978-05-01
0.07400000000000001,8.365,1978-06-01
0.192,8.622,1978-07-01
0.08900000000000001,8.058,1978-08-01
0.09,8.577,1978-09-01
0.077,8.746,1978-10-01
0.077,8.905000000000001,1978-11-01
0.08,8.732000000000001,1978-12-01
0.066,8.699,1979-01-01
0.066,8.263,1979-02-01
0.051,8.77,1979-03-01
0.053,8.759,1979-04-01
0.087,8.445,1979-05-01
0.11699999999999999,8.575000000000001,1979-06-01
0.084,8.393,1979-07-01
0.087,8.597,1979-08-01
0.057999999999999996,8.779,1979-09-01
0.086,8.988,1979-10-01
0.105,8.842,1979-11-01
0.094,9.596,1979-12-01
0.085,8.977,1980-01-01
0.061,9.078000000000001,1980-02-01
0.07200000000000001,8.696,1980-03-01
0.102,9.219000000000001,1980-04-01
0.08199999999999999,9.045,1980-05-01
0.08,8.72,1980-06-01
0.081,9.023,1980-07-01
0.095,8.950000000000001,1980-08-01
0.071,8.871,1980-09-01
0.036000000000000004,8.946,1980-10-01
0.111,9.228,1980-11-01
0.094,8.994,1980-12-01
0.057999999999999996,9.826,1981-01-01
0.06,9.465,1981-02-01
0.08,9.565000000000001,1981-03-01
0.081,9.246,1981-04-01
0.115,8.795,1981-05-01
0.11900000000000001,8.906,1981-06-01
0.062,8.994,1981-07-01
0.14,9.261000000000001,1981-08-01
0.068,8.745000000000001,1981-09-01
0.066,8.774000000000001,1981-10-01
0.063,8.805,1981-11-01
0.027999999999999997,9.501000000000001,1981-12-01
0.073,8.574,1982-01-01
0.059000000000000004,8.724,1982-02-01
0.064,8.209,1982-03-01
0.083,8.778,1982-04-01
0.068,8.628,1982-05-01
0.066,8.398,1982-06-01
0.099,8.832,1982-07-01
0.073,8.563,1982-08-01
0.071,8.59,1982-09-01
0.042,8.637,1982-10-01
0.13,8.521,1982-11-01
0.12,9.334,1982-12-01
0.053,9.478,1983-01-01
0.06,9.266,1983-02-01
0.071,9.016,1983-03-01
0.066,8.996,1983-04-01
0.083,9.041,1983-05-01
0.096,8.623000000000001,1983-06-01
0.059000000000000004,8.688,1983-07-01
0.122,9.073,1983-08-01
0.126,9.242,1983-09-01
0.079,8.891,1983-10-01
0.095,9.317,1983-11-01
0.06,8.832,1983-12-01
0.057,8.975,1984-01-01
0.027000000000000003,8.521,1984-02-01
0.057999999999999996,9.004,1984-03-01
0.096,8.723,1984-04-01
0.07200000000000001,9.280000000000001,1984-05-01
0.19899999999999998,8.513,1984-06-01
0.111,8.697000000000001,1984-07-01
0.066,8.717,1984-08-01
0.055,8.564,1984-09-01
0.055,8.782,1984-10-01
0.11599999999999999,8.375,1984-11-01
0.086,8.178,1984-12-01
0.046,9.05,1985-01-01
0.06,8.143,1985-02-01
0.032,8.794,1985-03-01
0.121,8.917,1985-04-01
0.068,8.717,1985-05-01
0.121,8.719000000000001,1985-06-01
0.098,8.271,1985-07-01
0.08800000000000001,8.827,1985-08-01
0.086,8.519,1985-09-01
0.094,8.733,1985-10-01
0.10400000000000001,8.531,1985-11-01
0.094,8.796000000000001,1985-12-01
0.10300000000000001,9.348,1986-01-01
0.059000000000000004,9.438,1986-02-01
0.066,9.110000000000001,1986-03-01
0.054000000000000006,9.155000000000001,1986-04-01
0.057,8.879,1986-05-01
0.09300000000000001,8.55,1986-06-01
0.077,8.581,1986-07-01
0.105,8.726,1986-08-01
0.11199999999999999,8.381,1986-09-01
0.057999999999999996,8.713000000000001,1986-10-01
0.07200000000000001,8.49,1986-11-01
0.076,8.761000000000001,1986-12-01
0.067,9.172,1987-01-01
0.067,9.579,1987-02-01
0.045,8.585,1987-03-01
0.057999999999999996,8.898,1987-04-01
0.084,8.803,1987-05-01
0.08900000000000001,9.064,1987-06-01
0.096,9.162,1987-07-01
0.09300000000000001,8.658,1987-08-01
0.087,9.006,1987-09-01
0.069,9.008000000000001,1987-10-01
0.07200000000000001,8.602,1987-11-01
0.07,9.497,1987-12-01
0.027999999999999997,9.501000000000001,1988-01-01
0.066,8.885,1988-02-01
0.065,9.263,1988-03-01
0.046,9.298,1988-04-01
0.07,9.142000000000001,1988-05-01
0.122,9.234,1988-06-01
0.071,9.046000000000001,1988-07-01
0.133,9.301,1988-08-01
0.063,9.238,1988-09-01
0.092,9.397,1988-10-01
0.086,8.858,1988-11-01
0.111,9.382,1988-12-01
0.069,8.75,1989-01-01
0.057999999999999996,9.065,1989-02-01
0.083,9.127,1989-03-01
0.07200000000000001,9.01,1989-04-01
0.057,8.555,1989-05-01
0.114,8.617,1989-06-01
0.115,8.905000000000001,1989-07-01
0.062,8.897,1989-08-01
0.04,8.957,1989-09-01
0.034,9.173,1989-10-01
0.068,8.752,1989-11-01
0.071,9.437000000000001,1989-12-01
0.07200000000000001,9.305,1990-01-01
0.08,9.108,1990-02-01
0.071,10.047,1990-03-01
0.063,9.471,1990-04-01
0.055,9.104000000000001,1990-05-01
0.083,9.045,1990-06-01
0.111,9.071,1990-07-01
0.09,8.864,1990-08-01
0.127,8.768,1990-09-01
0.092,9.259,1990-10-01
0.106,9.475,1990-11-01
0.061,9.435,1990-12-01
0.078,9.264000000000001,1991-01-01
0.055,9.501000000000001,1991-02-01
0.051,8.911,1991-03-01
0.08900000000000001,9.549,1991-04-01
0.106,8.918000000000001,1991-05-01
0.063,9.425,1991-06-01
0.096,9.274000000000001,1991-07-01
0.079,9.103,1991-08-01
0.07400000000000001,9.227,1991-09-01
0.057999999999999996,9.16,1991-10-01
0.094,9.004,1991-11-01
0.067,9.087,1991-12-01
0.040999999999999995,9.620000000000001,1992-01-01
0.08,9.363,1992-02-01
0.1,9.246,1992-03-01
0.063,8.860000000000001,1992-04-01
0.086,8.822000000000001,1992-05-01
0.052000000000000005,8.712,1992-06-01
0.053,8.421000000000001,1992-07-01
0.077,8.533000000000001,1992-08-01
0.068,8.22,1992-09-01
0.068,8.764000000000001,1992-10-01
0.1,8.448,1992-11-01
0.142,9.096,1992-12-01
0.086,9.344000000000001,1993-01-01
0.035,9.207,1993-02-01
0.06,9.258000000000001,1993-03-01
0.071,8.984,1993-04-01
0.079,8.768,1993-05-01
0.067,8.677,1993-06-01
0.062,8.856,1993-07-01
0.073,8.608,1993-08-01
0.071,8.499,1993-09-01
0.067,9.028,1993-10-01
0.064,8.303,1993-11-01
0.08199999999999999,9.059000000000001,1993-12-01
0.063,9.07,1994-01-01
0.096,8.251000000000001,1994-02-01
0.065,9.059000000000001,1994-03-01
0.062,9.319,1994-04-01
0.05,8.967,1994-05-01
0.08,9.284,1994-06-01
0.092,8.942,1994-07-01
0.105,8.724,1994-08-01
0.044000000000000004,9.093,1994-09-01
0.04,9.409,1994-10-01
0.07,9.343,1994-11-01
0.054000000000000006,9.109,1994-12-01
0.062,9.576,1995-01-01
0.08900000000000001,10.112,1995-02-01
0.055999999999999994,9.280000000000001,1995-03-01
0.037000000000000005,9.279,1995-04-01
0.025,8.856,1995-05-01
0.077,9.287,1995-06-01
0.053,9.387,1995-07-01
0.055999999999999994,9.397,1995-08-01
0.048,9.109,1995-09-01
0.064,9.508000000000001,1995-10-01
0.098,9.314,1995-11-01
0.046,9.134,1995-12-01
0.055,8.91,1996-01-01
0.092,9.418000000000001,1996-02-01
0.086,8.844000000000001,1996-03-01
0.059000000000000004,8.981,1996-04-01
0.054000000000000006,8.869,1996-05-01
0.053,8.817,1996-06-01
0.075,9.107000000000001,1996-07-01
0.039,9.361,1996-08-01
0.08,8.876000000000001,1996-09-01
0.057,8.927,1996-10-01
0.06,9.076,1996-11-01
0.054000000000000006,9.323,1996-12-01
0.068,9.234,1997-01-01
0.054000000000000006,9.199,1997-02-01
0.084,9.32,1997-03-01
0.07400000000000001,9.184000000000001,1997-04-01
0.027999999999999997,8.866,1997-05-01
0.047,9.273,1997-06-01
0.07200000000000001,8.81,1997-07-01
0.098,9.003,1997-08-01
0.052000000000000005,9.238,1997-09-01
0.049,9.531,1997-10-01
0.11599999999999999,9.391,1997-11-01
0.08199999999999999,9.441,1997-12-01
0.069,9.416,1998-01-01
0.046,10.272,1998-02-01
0.03,9.347000000000001,1998-03-01
0.085,9.668000000000001,1998-04-01
0.059000000000000004,9.571,1998-05-01
0.092,9.679,1998-06-01
0.069,9.623000000000001,1998-07-01
0.045,9.652000000000001,1998-08-01
0.046,9.225,1998-09-01
0.051,9.364,1998-10-01
0.061,8.978,1998-11-01
0.028999999999999998,9.699,1998-12-01
0.07200000000000001,9.591000000000001,1999-01-01
0.055,10.121,1999-02-01
0.049,8.847,1999-03-01
0.049,9.112,1999-04-01
0.083,8.979000000000001,1999-05-01
0.079,9.176,1999-06-01
0.069,9.122,1999-07-01
0.073,9.117,1999-08-01
0.057999999999999996,9.280000000000001,1999-09-01
0.079,9.406,1999-10-01
0.065,9.161,1999-11-01
0.047,9.6,1999-12-01
0.071,9.021,2000-01-01
0.064,9.646,2000-02-01
0.05,9.540000000000001,2000-03-01
0.059000000000000004,9.861,2000-04-01
0.095,9.16,2000-05-01
0.095,9.199,2000-06-01
0.073,9.128,2000-07-01
0.066,9.296,2000-08-01
0.054000000000000006,9.105,2000-09-01
0.061,8.883000000000001,2000-10-01
0.054000000000000006,8.862,2000-11-01
0.039,8.88,2000-12-01
0.077,9.399000000000001,2001-01-01
0.040999999999999995,9.189,2001-02-01
0.05,9.56,2001-03-01
0.08199999999999999,9.542,2001-04-01
0.083,9.57,2001-05-01
0.061,9.25,2001-06-01
0.055,9.435,2001-07-01
0.081,9.184000000000001,2001-08-01
0.061,9.264000000000001,2001-09-01
0.057999999999999996,9.324,2001-10-01
0.040999999999999995,9.895,2001-11-01
0.05,9.543000000000001,2001-12-01
0.064,10.085,2002-01-01
0.071,10.149000000000001,2002-02-01
0.040999999999999995,10.107,2002-03-01
0.067,9.543000000000001,2002-04-01
0.077,9.525,2002-05-01
0.073,9.226,2002-06-01
0.08,9.617,2002-07-01
0.061,9.312000000000001,2002-08-01
0.054000000000000006,9.513,2002-09-01
0.073,9.375,2002-10-01
0.10099999999999999,9.46,2002-11-01
0.084,9.046000000000001,2002-12-01
0.09,10.037,2003-01-01
0.055999999999999994,9.543000000000001,2003-02-01
0.067,9.386000000000001,2003-03-01
0.055,9.458,2003-04-01
0.09699999999999999,9.436,2003-05-01
0.08800000000000001,9.149000000000001,2003-06-01
0.085,9.264000000000001,2003-07-01
0.08,9.427,2003-08-01
0.096,9.454,2003-09-01
0.047,9.813,2003-10-01
0.06,9.285,2003-11-01
0.043,10.159,2003-12-01
0.106,9.593,2004-01-01
0.063,9.943000000000001,2004-02-01
0.053,9.662,2004-03-01
0.069,9.542,2004-04-01
0.054000000000000006,8.819,2004-05-01
0.068,9.033,2004-06-01
0.11,8.589,2004-07-01
0.094,8.939,2004-08-01
0.063,9.16,2004-09-01
0.062,9.526,2004-10-01
0.065,9.884,2004-11-01
0.055,9.291,2004-12-01
0.08,9.864,2005-01-01
0.036000000000000004,9.377,2005-02-01
0.07,9.888,2005-03-01
0.081,9.896,2005-04-01
0.07400000000000001,9.517,2005-05-01
0.08,9.604000000000001,2005-06-01
0.079,9.453,2005-07-01
0.105,9.274000000000001,2005-08-01
0.07200000000000001,9.776,2005-09-01
0.061,10.005,2005-10-01
0.053,9.998000000000001,2005-11-01
0.047,9.896,2005-12-01
0.054000000000000006,9.362,2006-01-01
0.063,9.893,2006-02-01
0.06,9.652000000000001,2006-03-01
0.077,9.351,2006-04-01
0.059000000000000004,9.052,2006-05-01
0.10099999999999999,9.604000000000001,2006-06-01
0.105,9.276,2006-07-01
0.105,9.671,2006-08-01
0.07,9.433,2006-09-01
0.06,9.726,2006-10-01
0.036000000000000004,9.516,2006-11-01
0.067,10.035,2006-12-01
0.057,10.646,2007-01-01
0.055999999999999994,9.704,2007-02-01
0.086,9.831,2007-03-01
0.083,10.148,2007-04-01
0.091,9.822000000000001,2007-05-01
0.102,9.450000000000001,2007-06-01
0.10800000000000001,9.476,2007-07-01
0.142,9.519,2007-08-01
0.073,9.5,2007-09-01
0.057,9.76,2007-10-01
0.052000000000000005,9.669,2007-11-01
0.057,9.564,2007-12-01
0.08900000000000001,8.927,2008-01-01
0.07200000000000001,9.059000000000001,2008-02-01
0.078,10.254000000000001,2008-03-01
0.087,9.620000000000001,2008-04-01
0.076,9.334,2008-05-01
0.10400000000000001,9.323,2008-06-01
0.09,9.450000000000001,2008-07-01
0.107,9.124,2008-08-01
0.054000000000000006,9.371,2008-09-01
0.052000000000000005,9.832,2008-10-01
0.045,9.809000000000001,2008-11-01
0.064,9.424,2008-12-01
0.065,9.768,2009-01-01
0.05,9.573,2009-02-01
0.067,9.462,2009-03-01
0.064,9.656,2009-04-01
0.046,9.431000000000001,2009-05-01
0.065,9.38,2009-06-01
0.10400000000000001,9.542,2009-07-01
0.08900000000000001,9.447000000000001,2009-08-01
0.047,9.721,2009-09-01
0.053,9.535,2009-10-01
0.07400000000000001,9.626000000000001,2009-11-01
0.066,9.352,2009-12-01
0.079,9.774000000000001,2010-01-01
0.07400000000000001,9.847000000000001,2010-02-01
0.067,10.065000000000001,2010-03-01
0.085,9.97,2010-04-01
0.075,9.719000000000001,2010-05-01
0.07400000000000001,9.547,2010-06-01
0.095,9.468,2010-07-01
0.08199999999999999,9.542,2010-08-01
0.047,9.436,2010-09-01
0.066,9.861,2010-10-01
0.073,10.061,2010-11-01
0.073,9.316,2010-12-01
0.063,9.356,2011-01-01
0.040999999999999995,9.208,2011-02-01
0.059000000000000004,9.436,2011-03-01
0.067,9.779,2011-04-01
0.08900000000000001,9.262,2011-05-01
0.064,9.507,2011-06-01
0.075,9.764000000000001,2011-07-01
0.069,9.84,2011-08-01
0.044000000000000004,9.482000000000001,2011-09-01
0.10400000000000001,9.8,2011-10-01
0.091,9.404,2011-11-01
0.06,9.698,2011-12-01
0.063,9.246,2012-01-01
0.09300000000000001,9.093,2012-02-01
0.076,9.373000000000001,2012-03-01
0.095,9.991,2012-04-01
0.11599999999999999,9.88,2012-05-01
0.12300000000000001,9.627,2012-06-01
0.08900000000000001,9.369,2012-07-01
0.071,9.477,2012-08-01
0.099,9.571,2012-09-01
0.061,9.826,2012-10-01
0.083,9.725,2012-11-01
0.067,9.134,2012-12-01
0.066,9.775,2013-01-01
0.08199999999999999,9.690000000000001,2013-02-01
0.094,9.623000000000001,2013-03-01
0.075,9.357000000000001,2013-04-01
0.13,9.51,2013-05-01
0.057,9.706,2013-06-01
0.057999999999999996,9.295,2013-07-01
0.084,9.528,2013-08-01
0.042,9.728,2013-09-01
0.065,9.689,2013-10-01
0.054000000000000006,10.007,2013-11-01
0.071,9.747,2013-12-01
0.08900000000000001,9.798,2014-01-01
0.078,8.943,2014-02-01
0.105,9.712,2014-03-01
0.105,9.878,2014-04-01
0.067,9.85,2014-05-01
0.07,9.482000000000001,2014-06-01
0.07200000000000001,9.154,2014-07-01
0.06,9.649000000000001,2014-08-01
0.045,9.654,2014-09-01
0.061,9.761000000000001,2014-10-01
0.066,9.281,2014-11-01
0.069,9.871,2014-12-01
0.066,9.954,2015-01-01
0.057,10.118,2015-02-01
0.052000000000000005,10.09,2015-03-01
0.125,9.609,2015-04-01
0.10099999999999999,9.63,2015-05-01
0.105,9.664,2015-06-01
0.078,9.34,2015-07-01
0.09699999999999999,9.533000000000001,2015-08-01
0.07,9.551,2015-09-01
0.053,10.198,2015-10-01
0.052000000000000005,9.997,2015-11-01
0.073,10.457,2015-12-01
0.07200000000000001,10.229000000000001,2016-01-01
0.075,10.843,2016-02-01
0.094,10.824,2016-03-01
0.11599999999999999,10.456,2016-04-01
0.099,9.904,2016-05-01
0.147,9.531,2016-06-01
0.10800000000000001,9.576,2016-07-01
0.049,10.08,2016-08-01
0.061,9.72,2016-09-01
0.059000000000000004,9.696,2016-10-01
0.098,9.75,2016-11-01
0.066,9.918000000000001,2016-12-01
0.051,10.211,2017-01-01
0.083,10.407,2017-02-01
0.11800000000000001,10.509,2017-03-01
0.13699999999999998,9.953000000000001,2017-04-01
0.102,9.885,2017-05-01
0.136,9.448,2017-06-01
0.06,9.618,2017-07-01
0.075,9.704,2017-08-01
0.07400000000000001,9.567,2017-09-01
0.057,9.954,2017-10-01
0.063,9.703,2017-11-01
0.059000000000000004,10.138,2017-12-01
0.079,9.804,2018-01-01
0.048,9.747,2018-02-01
0.079,10.031,2018-03-01
0.102,9.992,2018-04-01
0.21100000000000002,9.788,2018-05-01
0.134,9.731,2018-06-01
0.081,9.765,2018-07-01
0.106,9.652000000000001,2018-08-01
0.098,9.471,2018-09-01
0.099,9.993,2018-10-01
0.039,9.468,2018-11-01
0.08900000000000001,9.895,2018-12-01
0.079,10.037,2019-01-01
0.071,9.84,2019-02-01
